кухня морепродукт,0.08202017004017752
морепродукт морской,0.08490047326283821
подавать рыба,0.08490047326283821
равиоли речной,0.08490047326283821
белый сыр,0.08490047326283821
белый подавать,0.08490047326283821
речной сыр,0.08490047326283821
идеально равиоли,0.08490047326283821
кухня равиоли,0.08490047326283821
подавать сыр,0.08490047326283821
качество подавать,0.08490047326283821
морской сыр,0.08490047326283821
речной рыба,0.08490047326283821
аперитив равиоли,0.08490047326283821
идеально омар,0.08490047326283821
мясо речной,0.08490047326283821
аперитив высокий,0.08490047326283821
кухня мясо,0.08490047326283821
белый качество,0.08490047326283821
качество речной,0.08490047326283821
идеально рыба,0.08490047326283821
блюдо морской,0.08490047326283821
идеально морской,0.08490047326283821
качество мясо,0.08490047326283821
белый равиоли,0.08490047326283821
кухня речной,0.08490047326283821
идеально подавать,0.08490047326283821
блюдо высокий,0.08490047326283821
белый речной,0.08490047326283821
блюдо подавать,0.08490047326283821
качество сыр,0.08490047326283821
белый отличный,0.08490047326283821
белый рыба,0.08490047326283821
высокий равиоли,0.08490047326283821
белый вино,0.08490047326283821
отличный речной,0.08490047326283821
аперитив омар,0.08490047326283821
вино подавать,0.08490047326283821
идеально мясо,0.08490047326283821
мясо равиоли,0.08490047326283821
кухня подавать,0.08490047326283821
вино морепродукт,0.08490047326283821
вино речной,0.08490047326283821
отличный подавать,0.08490047326283821
высокий отличный,0.08490047326283821
вино отличный,0.08490047326283821
морской рыба,0.08490047326283821
морской мясо,0.08490047326283821
вино качество,0.08490047326283821
идеально речной,0.08490047326283821
высокий сыр,0.08490047326283821
высокий морской,0.08490047326283821
высокий речной,0.08490047326283821
вино сыр,0.08490047326283821
идеально отличный,0.08490047326283821
отличный равиоли,0.08490047326283821
белый мясо,0.08490047326283821
высокий подавать,0.08490047326283821
качество рыба,0.08490047326283821
морепродукт равиоли,0.08490047326283821
морепродукт мясо,0.08490047326283821
качество морской,0.08490047326283821
качество кухня,0.08490047326283821
вино равиоли,0.08490047326283821
равиоли рыба,0.08490047326283821
блюдо омар,0.08490047326283821
высокий кухня,0.08490047326283821
вино морской,0.08490047326283821
подавать речной,0.08490047326283821
омар отличный,0.08490047326283821
подавать равиоли,0.08490047326283821
морепродукт подавать,0.08490047326283821
аперитив вино,0.08490047326283821
мясо омар,0.08490047326283821
морской равиоли,0.08490047326283821
морепродукт речной,0.08490047326283821
вино высокий,0.08490047326283821
омар подавать,0.08490047326283821
омар речной,0.08490047326283821
качество равиоли,0.08490047326283821
белый омар,0.08490047326283821
белый идеально,0.08490047326283821
мясо подавать,0.08490047326283821
качество отличный,0.08490047326283821
морской омар,0.08490047326283821
вино мясо,0.08490047326283821
аперитив белый,0.08490047326283821
качество омар,0.08490047326283821
кухня морской,0.08490047326283821
вино кухня,0.08490047326283821
вино омар,0.08490047326283821
морской отличный,0.08490047326283821
блюдо равиоли,0.08490047326283821
морепродукт омар,0.08490047326283821
аперитив речной,0.08490047326283821
высокий омар,0.08490047326283821
аперитив морской,0.08490047326283821
белый высокий,0.08490047326283821
аперитив подавать,0.08490047326283821
высокий идеально,0.08490047326283821
высокий качество,0.08490047326283821
высокий морепродукт,0.08490047326283821
омар рыба,0.08490047326283821
белый морепродукт,0.08490047326283821
вино рыба,0.08490047326283821
равиоли сыр,0.08490047326283821
идеально кухня,0.08490047326283821
омар равиоли,0.08490047326283821
морской речной,0.08490047326283821
омар сыр,0.08490047326283821
идеально сыр,0.08490047326283821
морской подавать,0.08490047326283821
блюдо речной,0.08490047326283821
высокий мясо,0.08490047326283821
высокий рыба,0.08490047326283821
белый кухня,0.08490047326283821
мясо сыр,0.08490047326283821
белый морской,0.08490047326283821
белый блюдо,0.08490047326283821
кухня омар,0.08490047326283821
блюдо кухня,0.0865977004122389
блюдо паста,0.0886689368908914
провансальский рецепт,0.09476479866457306
сочетаться тартар,0.09476479866457306
кухня рецепт,0.09476479866457306
кухня провансальский,0.09476479866457306
азиатский паста,0.09476479866457306
морепродукт тартар,0.09476479866457306
блюдо тартар,0.09476479866457306
рецепт тартар,0.09476479866457306
провансальский тартар,0.09476479866457306
кухня паста,0.09476479866457306
блюдо рецепт,0.09476479866457306
рецепт сочетаться,0.09476479866457306
азиатский тартар,0.09476479866457306
азиатский провансальский,0.09476479866457306
провансальский сочетаться,0.09476479866457306
паста сочетаться,0.09476479866457306
морепродукт паста,0.09476479866457306
паста провансальский,0.09476479866457306
азиатский рецепт,0.09476479866457306
азиатский морепродукт,0.09476479866457306
паста тартар,0.09476479866457306
блюдо провансальский,0.09476479866457306
паста рецепт,0.09476479866457306
морепродукт рецепт,0.09476479866457306
кухня тартар,0.09476479866457306
азиатский сочетаться,0.09476479866457306
морепродукт провансальский,0.09476479866457306
отличный сыр,0.09580555576978797
блюдо сыр,0.09580555576978797
кухня отличный,0.09580555576978797
кухня сыр,0.09580555576978797
блюдо идеально,0.0976147182482458
блюдо пряный,0.09965564922626861
паста соус,0.09965564922626861
блюдо вино,0.09965564922626861
блюдо соус,0.09965564922626861
вино идеально,0.09965564922626861
пряный соус,0.09965564922626861
паста пряный,0.09965564922626861
блюдо мясной,0.10176566893065497
кухня сочетаться,0.10176566893065497
гриль отличный,0.10176566893065497
мясной отличный,0.10176566893065497
гриль мясной,0.10176566893065497
блюдо гриль,0.10176566893065497
блюдо стать,0.10299404481202806
пряный стать,0.10299404481202806
гриб мясо,0.10299404481202806
гриб пряный,0.10299404481202806
мясо стать,0.10299404481202806
мясной мясо,0.10299404481202806
гриль паста,0.10299404481202806
отличный пара,0.10299404481202806
гриб соус,0.10299404481202806
гриль стать,0.10299404481202806
соус стать,0.10299404481202806
отличный стать,0.10299404481202806
мясной пряный,0.10299404481202806
гриль пряный,0.10299404481202806
гриль соус,0.10299404481202806
мясо пряный,0.10299404481202806
мясо пара,0.10299404481202806
отличный пряный,0.10299404481202806
пара паста,0.10299404481202806
мясной соус,0.10299404481202806
гриб мясной,0.10299404481202806
гриб паста,0.10299404481202806
мясной паста,0.10299404481202806
гриб стать,0.10299404481202806
гриб отличный,0.10299404481202806
пара соус,0.10299404481202806
паста стать,0.10299404481202806
гриб гриль,0.10299404481202806
мясо соус,0.10299404481202806
отличный паста,0.10299404481202806
мясной стать,0.10299404481202806
пара стать,0.10299404481202806
мясо паста,0.10299404481202806
пара пряный,0.10299404481202806
гриб пара,0.10299404481202806
гриль пара,0.10299404481202806
отличный соус,0.10299404481202806
блюдо пара,0.10299404481202806
блюдо гриб,0.10299404481202806
мясной пара,0.10299404481202806
азиатский блюдо,0.10767654597539769
азиатский кухня,0.10767654597539769
идеально качество,0.10970987656070033
блюдо качество,0.10970987656070033
идеально морепродукт,0.10970987656070033
качество морепродукт,0.10970987656070033
паста яркий,0.1151405505510242
гастрономичный идеально,0.1151405505510242
не слишком салями,0.1151405505510242
очень паста,0.1151405505510242
гастрономичный яркий,0.1151405505510242
не слишком очень,0.1151405505510242
паста салями,0.1151405505510242
блюдо салями,0.1151405505510242
пряный яркий,0.1151405505510242
не слишком соус,0.1151405505510242
гастрономичный паста,0.1151405505510242
вино салями,0.1151405505510242
соус яркий,0.1151405505510242
вино яркий,0.1151405505510242
итальянский соус,0.1151405505510242
пряный салями,0.1151405505510242
гастрономичный итальянский,0.1151405505510242
блюдо гастрономичный,0.1151405505510242
гастрономичный очень,0.1151405505510242
итальянский не слишком,0.1151405505510242
блюдо очень,0.1151405505510242
идеально очень,0.1151405505510242
очень пряный,0.1151405505510242
салями яркий,0.1151405505510242
вино не слишком,0.1151405505510242
гастрономичный соус,0.1151405505510242
не слишком яркий,0.1151405505510242
блюдо яркий,0.1151405505510242
идеально паста,0.1151405505510242
идеально пряный,0.1151405505510242
очень подойти,0.1151405505510242
вино подойти,0.1151405505510242
идеально салями,0.1151405505510242
блюдо итальянский,0.1151405505510242
гастрономичный пряный,0.1151405505510242
итальянский салями,0.1151405505510242
не слишком пряный,0.1151405505510242
не слишком подойти,0.1151405505510242
итальянский пряный,0.1151405505510242
вино итальянский,0.1151405505510242
итальянский яркий,0.1151405505510242
гастрономичный не слишком,0.1151405505510242
идеально итальянский,0.1151405505510242
очень соус,0.1151405505510242
подойти соус,0.1151405505510242
салями соус,0.1151405505510242
вино очень,0.1151405505510242
итальянский очень,0.1151405505510242
идеально подойти,0.1151405505510242
подойти пряный,0.1151405505510242
вино гастрономичный,0.1151405505510242
очень салями,0.1151405505510242
гастрономичный салями,0.1151405505510242
гастрономичный подойти,0.1151405505510242
очень яркий,0.1151405505510242
вино пряный,0.1151405505510242
итальянский подойти,0.1151405505510242
паста подойти,0.1151405505510242
блюдо не слишком,0.1151405505510242
вино паста,0.1151405505510242
идеально не слишком,0.1151405505510242
идеально яркий,0.1151405505510242
идеально соус,0.1151405505510242
подойти яркий,0.1151405505510242
вино соус,0.1151405505510242
подойти салями,0.1151405505510242
итальянский паста,0.1151405505510242
блюдо подойти,0.1151405505510242
не слишком паста,0.1151405505510242
дичь мясной,0.11757843372496188
колбаска сочетаться,0.11757843372496188
гриль тосканский,0.11757843372496188
колбаска сыр,0.11757843372496188
мясной сочетаться,0.11757843372496188
гриль сыр,0.11757843372496188
дичь колбаска,0.11757843372496188
гриль дичь,0.11757843372496188
деликатес кровяной,0.11757843372496188
колбаска отличный,0.11757843372496188
деликатес мясной,0.11757843372496188
кровяной отличный,0.11757843372496188
кровяной сочетаться,0.11757843372496188
дичь тосканский,0.11757843372496188
выдержать кухня,0.11757843372496188
выдержать гриль,0.11757843372496188
гриль колбаска,0.11757843372496188
выдержать кровяной,0.11757843372496188
выдержать отличный,0.11757843372496188
кровяной сыр,0.11757843372496188
гриль деликатес,0.11757843372496188
блюдо колбаска,0.11757843372496188
блюдо дичь,0.11757843372496188
кровяной кухня,0.11757843372496188
гриль кухня,0.11757843372496188
выдержать сыр,0.11757843372496188
колбаска тосканский,0.11757843372496188
кухня мясной,0.11757843372496188
деликатес тосканский,0.11757843372496188
мясной тосканский,0.11757843372496188
выдержать сочетаться,0.11757843372496188
мясной сыр,0.11757843372496188
дичь отличный,0.11757843372496188
блюдо кровяной,0.11757843372496188
выдержать тосканский,0.11757843372496188
деликатес дичь,0.11757843372496188
дичь кровяной,0.11757843372496188
дичь сочетаться,0.11757843372496188
деликатес сочетаться,0.11757843372496188
деликатес колбаска,0.11757843372496188
кровяной тосканский,0.11757843372496188
сочетаться тосканский,0.11757843372496188
отличный тосканский,0.11757843372496188
блюдо деликатес,0.11757843372496188
деликатес сыр,0.11757843372496188
дичь кухня,0.11757843372496188
блюдо тосканский,0.11757843372496188
выдержать мясной,0.11757843372496188
выдержать деликатес,0.11757843372496188
деликатес кухня,0.11757843372496188
выдержать колбаска,0.11757843372496188
гриль кровяной,0.11757843372496188
выдержать дичь,0.11757843372496188
дичь сыр,0.11757843372496188
колбаска мясной,0.11757843372496188
деликатес отличный,0.11757843372496188
кухня тосканский,0.11757843372496188
колбаска кровяной,0.11757843372496188
сыр тосканский,0.11757843372496188
кровяной мясной,0.11757843372496188
блюдо выдержать,0.11757843372496188
колбаска кухня,0.11757843372496188
азиатский жареный,0.12440776695850315
компаньон лёгкое,0.12440776695850315
блюдо компаньон,0.12440776695850315
азиатский отличный,0.12440776695850315
компаньон сыр,0.12440776695850315
блюдо жареный,0.12440776695850315
блюдо козий,0.12440776695850315
компаньон рыба,0.12440776695850315
азиатский козий,0.12440776695850315
козий кухня,0.12440776695850315
козий отличный,0.12440776695850315
жареный кухня,0.12440776695850315
козий лёгкое,0.12440776695850315
козий компаньон,0.12440776695850315
жареный козий,0.12440776695850315
жареный отличный,0.12440776695850315
компаньон кухня,0.12440776695850315
козий рыба,0.12440776695850315
азиатский лёгкое,0.12440776695850315
азиатский компаньон,0.12440776695850315
кухня лёгкое,0.12440776695850315
козий сыр,0.12440776695850315
компаньон отличный,0.12440776695850315
азиатский сыр,0.12440776695850315
жареный лёгкое,0.12440776695850315
жареный компаньон,0.12440776695850315
лёгкое сыр,0.12440776695850315
блюдо отличный,0.12576941332695538
лёгкое рыбный,0.1267570447451785
качество рыбный,0.1267570447451785
летний морепродукт,0.1267570447451785
морепродукт рекомендоваться,0.1267570447451785
летний лёгкое,0.1267570447451785
блюдо летний,0.1267570447451785
рекомендоваться салат,0.1267570447451785
рекомендоваться рыбный,0.1267570447451785
рекомендоваться сочетаться,0.1267570447451785
лёгкое рекомендоваться,0.1267570447451785
идеально лёгкое,0.1267570447451785
качество сочетаться,0.1267570447451785
летний рыбный,0.1267570447451785
идеально рыбный,0.1267570447451785
качество рекомендоваться,0.1267570447451785
рыбный салат,0.1267570447451785
идеально сочетаться,0.1267570447451785
идеально рекомендоваться,0.1267570447451785
идеально летний,0.1267570447451785
летний сочетаться,0.1267570447451785
рыбный сочетаться,0.1267570447451785
блюдо рекомендоваться,0.1267570447451785
летний салат,0.1267570447451785
качество летний,0.1267570447451785
летний рекомендоваться,0.1267570447451785
идеально салат,0.1267570447451785
гриль мясо,0.12864086879477762
гриль сочетаться,0.12864086879477762
блюдо рыба,0.13805597379315906
кухня рыба,0.14595542425417585
блюдо морепродукт,0.14669020505055694
лёгкое холодное,0.14862961178209325
белые гриль,0.14862961178209325
устрица холодное,0.14862961178209325
мясо также,0.14862961178209325
сочетаться также,0.14862961178209325
гриль также,0.14862961178209325
гриль рыба,0.14862961178209325
гриль устрица,0.14862961178209325
белые холодное,0.14862961178209325
гриль холодное,0.14862961178209325
аперитив устрица,0.14862961178209325
белые устрица,0.14862961178209325
рыба холодное,0.14862961178209325
белые также,0.14862961178209325
мясо устрица,0.14862961178209325
лёгкое устрица,0.14862961178209325
сочетаться устрица,0.14862961178209325
аперитив холодное,0.14862961178209325
рыба устрица,0.14862961178209325
салат холодное,0.14862961178209325
гриль лёгкое,0.14862961178209325
гриль салат,0.14862961178209325
также холодное,0.14862961178209325
сочетаться холодное,0.14862961178209325
аперитив гриль,0.14862961178209325
также устрица,0.14862961178209325
мясо холодное,0.14862961178209325
салат устрица,0.14862961178209325
морепродукт салат,0.14889044644357835
салат также,0.14889044644357835
лёгкое также,0.14889044644357835
рыба также,0.14889044644357835
отличный рыба,0.15119102665753162
блюдо сочетаться,0.15119102665753162
лёгкое рыба,0.15119102665753162
блюдо лёгкое,0.15952255331156878
морепродукт рыба,0.16338098552092742
рыба сочетаться,0.16338098552092742
азиатский рыба,0.16404034008035503
рыба салат,0.16726703211950975
аперитив мясо,0.16726703211950975
мясо рыба,0.16726703211950975
салат сочетаться,0.16726703211950975
лёгкое сочетаться,0.16726703211950975
мясо отличный,0.16726703211950975
блюдо мясо,0.16726703211950975
блюдо салат,0.16726703211950975
отличный сочетание,0.17202565141467685
сочетание также,0.17202565141467685
морепродукт также,0.17202565141467685
морепродукт сочетание,0.17202565141467685
рыба сочетание,0.17202565141467685
блюдо сочетание,0.17202565141467685
блюдо также,0.17202565141467685
отличный также,0.17202565141467685
морепродукт отличный,0.1746999999170048
лёгкое отличный,0.1746999999170048
морепродукт сочетаться,0.18075313831123296
рыба сыр,0.18075313831123296
лёгкое салат,0.18793403428914893
белые рыба,0.18799260783438146
отличный салат,0.18799260783438146
белые салат,0.18799260783438146
белые сочетаться,0.18799260783438146
белые мясо,0.18799260783438146
аперитив белые,0.18799260783438146
мясо сочетаться,0.18799260783438146
мясо салат,0.18799260783438146
лёгкое мясо,0.18799260783438146
белые лёгкое,0.18799260783438146
отличный сочетаться,0.18799260783438146
моллюск морепродукт,0.18952959732914612
моллюск провансальский,0.18952959732914612
моллюск рецепт,0.18952959732914612
азиатский моллюск,0.18952959732914612
провансальский рыба,0.18952959732914612
моллюск паста,0.18952959732914612
кухня моллюск,0.18952959732914612
рецепт рыба,0.18952959732914612
блюдо моллюск,0.18952959732914612
моллюск сочетаться,0.18952959732914612
паста рыба,0.18952959732914612
рыба тартар,0.18952959732914612
моллюск тартар,0.18952959732914612
лёгкое морепродукт,0.19327569329618222
аперитив сочетаться,0.1952294364964916
жареный рыба,0.20314973856353807
жареный сыр,0.20314973856353807
сочетаться сыр,0.20314973856353807
морепродукт сыр,0.20314973856353807
блюдо овощ,0.20598808962405613
мясо овощ,0.20598808962405613
овощ соус,0.20598808962405613
мясной овощ,0.20598808962405613
овощ пара,0.20598808962405613
овощ пряный,0.20598808962405613
овощ паста,0.20598808962405613
овощ стать,0.20598808962405613
гриб овощ,0.20598808962405613
гриль овощ,0.20598808962405613
овощ отличный,0.20598808962405613
морепродукт рыбный,0.21397120328528935
блюдо рыбный,0.21397120328528935
аперитив кухня,0.21535309195079538
аперитив сыр,0.21535309195079538
белые блюдо,0.2172036661607321
белые отличный,0.2172036661607321
аперитив салат,0.21868110463551022
аперитив рыба,0.21868110463551022
аперитив идеально,0.21941975312140066
аперитив рыбный,0.21941975312140066
аперитив качество,0.2276987173107738
молодая морепродукт,0.2347159736965192
овощ сочетаться,0.2347159736965192
молодая сочетаться,0.2347159736965192
молодая овощ,0.2347159736965192
жареный сочетаться,0.2347159736965192
молодая рыба,0.2347159736965192
жареный овощ,0.2347159736965192
молодая сыр,0.2347159736965192
жареный морепродукт,0.2347159736965192
овощ сыр,0.2347159736965192
овощ рыба,0.2347159736965192
жареный молодая,0.2347159736965192
морепродукт овощ,0.2347159736965192
блюдо освежать,0.2472189217532009
дополнение отличный,0.2472189217532009
отличный рыбный,0.2472189217532009
морепродукт освежать,0.2472189217532009
освежать отличный,0.2472189217532009
дополнение рыбный,0.2472189217532009
аперитив освежать,0.2472189217532009
дополнение морепродукт,0.2472189217532009
аперитив дополнение,0.2472189217532009
блюдо дополнение,0.2472189217532009
дополнение освежать,0.2472189217532009
освежать рыбный,0.2472189217532009
аперитив козий,0.2488155339170063
аперитив компаньон,0.2488155339170063
азиатский аперитив,0.2488155339170063
аперитив жареный,0.2488155339170063
cочетаться морепродукт,0.2509770672184451
cочетаться блюдо,0.2509770672184451
cочетаться отличный,0.2509770672184451
cочетаться лёгкое,0.2509770672184451
аперитив летний,0.253514089490357
аперитив рекомендоваться,0.253514089490357
качество лёгкое,0.2559122089116281
лёгкое сочетание,0.2559122089116281
качество салат,0.2559122089116281
салат сочетание,0.2559122089116281
аперитив блюдо,0.27114863874783857
аперитив лёгкое,0.27114863874783857
аперитив отличный,0.2933804101011139
зелёный качество,0.29567689193325286
аперитив зелёный,0.29567689193325286
зелёный сочетание,0.29567689193325286
зелёный салат,0.29567689193325286
зелёный лёгкое,0.29567689193325286
качество сочетание,0.29567689193325286
аперитив сочетание,0.2977808928871567
аперитив также,0.2977808928871567
аперитив морепродукт,0.31904510662313756
моллюск рыба,0.37905919465829224
cочетаться аперитив,0.5019541344368902
