цветок цитрусовый,0.03735719469198632
золотистый кислотность,0.03735719469198632
великолепный цитрусовый,0.03735719469198632
великолепный цветок,0.03735719469198632
золотистый цитрусовый,0.03735719469198632
великолепный кислотность,0.03735719469198632
великолепный золотистый,0.03735719469198632
дополнить фруктовый,0.0375592369486955
кислотность фруктовый,0.0375592369486955
дополнить сбалансированный,0.0375592369486955
прекрасно фруктовый,0.0375592369486955
вино дополнить,0.0375592369486955
дополнить прекрасно,0.0375592369486955
который насыщенный,0.0375592369486955
который красный,0.0375592369486955
кислотность который,0.0375592369486955
красный танин,0.038407528172141915
послевкусие танин,0.038407528172141915
комплексный танин,0.038407528172141915
кислотность красный,0.038407528172141915
комплексный красный,0.038407528172141915
комплексный послевкусие,0.038407528172141915
глубокий раскрываться,0.03927519511434544
глубокий освежать,0.03927519511434544
сбалансированный фруктовый,0.03927519511434544
глубокий послевкусие,0.03927519511434544
послевкусие чернослив,0.040190834060456176
дополнить лёгкое,0.040190834060456176
комплексный чернослив,0.040190834060456176
красный лакрица,0.040190834060456176
дополнить лакрица,0.040190834060456176
красный чернослив,0.040190834060456176
танин чернослив,0.040190834060456176
лакрица чернослив,0.040190834060456176
лакрица танин,0.040190834060456176
дополнить чернослив,0.040190834060456176
дополнить комплексный,0.040190834060456176
лакрица послевкусие,0.040190834060456176
богатый дополнить,0.040190834060456176
богатый комплексный,0.040190834060456176
дополнить танин,0.040190834060456176
богатый чернослив,0.040190834060456176
богатый послевкусие,0.040190834060456176
комплексный лакрица,0.040190834060456176
богатый красный,0.040190834060456176
богатый лакрица,0.040190834060456176
дополнить красный,0.040190834060456176
богатый танин,0.040190834060456176
освежать раскрываться,0.040611095488631364
послевкусие раскрываться,0.040611095488631364
груша фруктовый,0.04082627132120473
бледно цветок,0.04082627132120473
ментоловый сбалансированный,0.04082627132120473
дополнить цукат,0.04082627132120473
великолепный прованский,0.04082627132120473
анисовый цитрусовый,0.04082627132120473
бледно глубокий,0.04082627132120473
золотистый прованский,0.04082627132120473
вкус лёгкое,0.04082627132120473
бледно послевкусие,0.04082627132120473
блик вино,0.04082627132120473
золотистый яркий,0.04082627132120473
золотистый слышный,0.04082627132120473
вкус слышный,0.04082627132120473
кислотность прованский,0.04082627132120473
кислотность мёд,0.04082627132120473
блик кислотность,0.04082627132120473
блик вкус,0.04082627132120473
анисовый цветок,0.04082627132120473
золотистый мёд,0.04082627132120473
аромат слышный,0.04082627132120473
вкус груша,0.04082627132120473
вино слышный,0.04082627132120473
блик дополнить,0.04082627132120473
анисовый освежать,0.04082627132120473
ментоловый послевкусие,0.04082627132120473
груша прованский,0.04082627132120473
слышный яркий,0.04082627132120473
мёд сбалансированный,0.04082627132120473
мёд цитрусовый,0.04082627132120473
мёд яркий,0.04082627132120473
жёлтый прованский,0.04082627132120473
вкус золотистый,0.04082627132120473
вино прованский,0.04082627132120473
жёлтый мёд,0.04082627132120473
дополнить раскрываться,0.04082627132120473
прекрасно цукат,0.04082627132120473
кислотность слышный,0.04082627132120473
блик раскрываться,0.04082627132120473
глубокий мёд,0.04082627132120473
анисовый груша,0.04082627132120473
вкус цукат,0.04082627132120473
глубокий дополнить,0.04082627132120473
великолепный глубокий,0.04082627132120473
прованский фруктовый,0.04082627132120473
бледно ментоловый,0.04082627132120473
глубокий лёгкое,0.04082627132120473
дополнить ментоловый,0.04082627132120473
аромат вкус,0.04082627132120473
мёд слышный,0.04082627132120473
ментоловый фруктовый,0.04082627132120473
бледно лёгкое,0.04082627132120473
ментоловый мёд,0.04082627132120473
кислотность цукат,0.04082627132120473
груша цукат,0.04082627132120473
вино мёд,0.04082627132120473
послевкусие прованский,0.04082627132120473
бледно прекрасно,0.04082627132120473
лёгкое ментоловый,0.04082627132120473
блик великолепный,0.04082627132120473
глубокий прекрасно,0.04082627132120473
анисовый вино,0.04082627132120473
дополнить слышный,0.04082627132120473
жёлтый слышный,0.04082627132120473
груша прекрасно,0.04082627132120473
цитрусовый яркий,0.04082627132120473
бледно яркий,0.04082627132120473
ментоловый цукат,0.04082627132120473
ментоловый яркий,0.04082627132120473
анисовый фруктовый,0.04082627132120473
вкус цветок,0.04082627132120473
бледно мёд,0.04082627132120473
блик освежать,0.04082627132120473
ментоловый слышный,0.04082627132120473
аромат мёд,0.04082627132120473
прекрасно слышный,0.04082627132120473
прекрасно цитрусовый,0.04082627132120473
великолепный груша,0.04082627132120473
цитрусовый цукат,0.04082627132120473
слышный цветок,0.04082627132120473
вкус глубокий,0.04082627132120473
лёгкое прованский,0.04082627132120473
великолепный вкус,0.04082627132120473
слышный цитрусовый,0.04082627132120473
прованский яркий,0.04082627132120473
анисовый аромат,0.04082627132120473
жёлтый ментоловый,0.04082627132120473
бледно освежать,0.04082627132120473
глубокий цитрусовый,0.04082627132120473
лёгкое мёд,0.04082627132120473
золотистый ментоловый,0.04082627132120473
прекрасно прованский,0.04082627132120473
анисовый цукат,0.04082627132120473
цукат яркий,0.04082627132120473
сбалансированный цукат,0.04082627132120473
блик цукат,0.04082627132120473
груша слышный,0.04082627132120473
бледно блик,0.04082627132120473
глубокий груша,0.04082627132120473
вкус яркий,0.04082627132120473
вкус жёлтый,0.04082627132120473
вино цукат,0.04082627132120473
великолепный дополнить,0.04082627132120473
анисовый великолепный,0.04082627132120473
раскрываться цитрусовый,0.04082627132120473
мёд прованский,0.04082627132120473
анисовый слышный,0.04082627132120473
груша лёгкое,0.04082627132120473
блик глубокий,0.04082627132120473
бледно жёлтый,0.04082627132120473
великолепный лёгкое,0.04082627132120473
вкус фруктовый,0.04082627132120473
анисовый вкус,0.04082627132120473
бледно слышный,0.04082627132120473
аромат прованский,0.04082627132120473
блик золотистый,0.04082627132120473
глубокий слышный,0.04082627132120473
бледно фруктовый,0.04082627132120473
блик жёлтый,0.04082627132120473
бледно цукат,0.04082627132120473
груша золотистый,0.04082627132120473
глубокий золотистый,0.04082627132120473
блик цитрусовый,0.04082627132120473
аромат блик,0.04082627132120473
вкус ментоловый,0.04082627132120473
блик прекрасно,0.04082627132120473
цветок цукат,0.04082627132120473
бледно вкус,0.04082627132120473
фруктовый цитрусовый,0.04082627132120473
вкус освежать,0.04082627132120473
дополнить прованский,0.04082627132120473
ментоловый прованский,0.04082627132120473
бледно цитрусовый,0.04082627132120473
аромат цукат,0.04082627132120473
анисовый раскрываться,0.04082627132120473
великолепный раскрываться,0.04082627132120473
великолепный цукат,0.04082627132120473
прекрасно яркий,0.04082627132120473
прованский цукат,0.04082627132120473
дополнить золотистый,0.04082627132120473
блик фруктовый,0.04082627132120473
цветок яркий,0.04082627132120473
великолепный освежать,0.04082627132120473
груша кислотность,0.04082627132120473
великолепный яркий,0.04082627132120473
блик цветок,0.04082627132120473
анисовый яркий,0.04082627132120473
анисовый ментоловый,0.04082627132120473
прованский цветок,0.04082627132120473
дополнить яркий,0.04082627132120473
освежать прованский,0.04082627132120473
слышный фруктовый,0.04082627132120473
груша ментоловый,0.04082627132120473
бледно дополнить,0.04082627132120473
бледно груша,0.04082627132120473
лёгкое слышный,0.04082627132120473
анисовый мёд,0.04082627132120473
великолепный прекрасно,0.04082627132120473
вкус дополнить,0.04082627132120473
мёд фруктовый,0.04082627132120473
раскрываться слышный,0.04082627132120473
груша яркий,0.04082627132120473
глубокий цветок,0.04082627132120473
великолепный ментоловый,0.04082627132120473
великолепный сбалансированный,0.04082627132120473
раскрываться цукат,0.04082627132120473
слышный цукат,0.04082627132120473
блик яркий,0.04082627132120473
мёд цветок,0.04082627132120473
бледно сбалансированный,0.04082627132120473
аромат бледно,0.04082627132120473
блик лёгкое,0.04082627132120473
анисовый прекрасно,0.04082627132120473
прованский раскрываться,0.04082627132120473
лёгкое яркий,0.04082627132120473
прованский цитрусовый,0.04082627132120473
сбалансированный цитрусовый,0.04082627132120473
вино ментоловый,0.04082627132120473
анисовый дополнить,0.04082627132120473
блик прованский,0.04082627132120473
блик груша,0.04082627132120473
вкус прованский,0.04082627132120473
анисовый лёгкое,0.04082627132120473
великолепный жёлтый,0.04082627132120473
прованский сбалансированный,0.04082627132120473
груша мёд,0.04082627132120473
лёгкое цитрусовый,0.04082627132120473
лёгкое цукат,0.04082627132120473
великолепный слышный,0.04082627132120473
вкус сбалансированный,0.04082627132120473
освежать цукат,0.04082627132120473
анисовый золотистый,0.04082627132120473
дополнить цветок,0.04082627132120473
груша раскрываться,0.04082627132120473
вкус цитрусовый,0.04082627132120473
великолепный мёд,0.04082627132120473
сбалансированный слышный,0.04082627132120473
анисовый жёлтый,0.04082627132120473
мёд прекрасно,0.04082627132120473
ментоловый прекрасно,0.04082627132120473
глубокий ментоловый,0.04082627132120473
бледно раскрываться,0.04082627132120473
блик сбалансированный,0.04082627132120473
послевкусие цукат,0.04082627132120473
анисовый бледно,0.04082627132120473
мёд послевкусие,0.04082627132120473
блик послевкусие,0.04082627132120473
мёд цукат,0.04082627132120473
аромат ментоловый,0.04082627132120473
вкус мёд,0.04082627132120473
дополнить мёд,0.04082627132120473
великолепный фруктовый,0.04082627132120473
кислотность яркий,0.04082627132120473
бледно великолепный,0.04082627132120473
анисовый прованский,0.04082627132120473
вкус раскрываться,0.04082627132120473
ментоловый раскрываться,0.04082627132120473
бледно вино,0.04082627132120473
вкус прекрасно,0.04082627132120473
глубокий цукат,0.04082627132120473
послевкусие слышный,0.04082627132120473
ментоловый освежать,0.04082627132120473
анисовый послевкусие,0.04082627132120473
золотистый прекрасно,0.04082627132120473
фруктовый цукат,0.04082627132120473
блик мёд,0.04082627132120473
анисовый сбалансированный,0.04082627132120473
кислотность ментоловый,0.04082627132120473
ментоловый цветок,0.04082627132120473
анисовый глубокий,0.04082627132120473
прованский слышный,0.04082627132120473
вкус кислотность,0.04082627132120473
ментоловый цитрусовый,0.04082627132120473
золотистый раскрываться,0.04082627132120473
анисовый блик,0.04082627132120473
золотистый цукат,0.04082627132120473
мёд освежать,0.04082627132120473
вкус послевкусие,0.04082627132120473
освежать слышный,0.04082627132120473
бледно кислотность,0.04082627132120473
жёлтый цукат,0.04082627132120473
блик ментоловый,0.04082627132120473
блик слышный,0.04082627132120473
груша дополнить,0.04082627132120473
бледно прованский,0.04082627132120473
глубокий прованский,0.04082627132120473
анисовый кислотность,0.04082627132120473
великолепный послевкусие,0.04082627132120473
мёд раскрываться,0.04082627132120473
вино вкус,0.04082627132120473
груша цитрусовый,0.04082627132120473
бледно золотистый,0.04082627132120473
который мускат,0.043161908002936386
золотистый мускат,0.043161908002936386
летний особенно,0.043161908002936386
великолепный который,0.043161908002936386
великолепный жаркое,0.043161908002936386
золотистый особенно,0.043161908002936386
блеск великолепный,0.043161908002936386
делать красный,0.043161908002936386
делать типичный,0.043161908002936386
летний наслаждаться,0.043161908002936386
аперитив мускат,0.043161908002936386
золотистый наслаждаться,0.043161908002936386
белых типичный,0.043161908002936386
аперитив жаркое,0.043161908002936386
блеск который,0.043161908002936386
который летний,0.043161908002936386
летний насыщенный,0.043161908002936386
наслаждаться хотеться,0.043161908002936386
блеск наслаждаться,0.043161908002936386
мускат наслаждаться,0.043161908002936386
день мускат,0.043161908002936386
делать кислотность,0.043161908002936386
великолепный день,0.043161908002936386
который цветок,0.043161908002936386
делать насыщенный,0.043161908002936386
бодрящий который,0.043161908002936386
золотистый который,0.043161908002936386
делать цитрусовый,0.043161908002936386
белых хотеться,0.043161908002936386
кислотность особенно,0.043161908002936386
жаркое мускат,0.043161908002936386
который типичный,0.043161908002936386
особенно типичный,0.043161908002936386
день красный,0.043161908002936386
день насыщенный,0.043161908002936386
аперитив кислотность,0.043161908002936386
красный хотеться,0.043161908002936386
особенно цитрусовый,0.043161908002936386
бодрящий день,0.043161908002936386
бодрящий хотеться,0.043161908002936386
мускат особенно,0.043161908002936386
аперитив великолепный,0.043161908002936386
красный особенно,0.043161908002936386
аперитив наслаждаться,0.043161908002936386
кислотность наслаждаться,0.043161908002936386
бодрящий типичный,0.043161908002936386
красный наслаждаться,0.043161908002936386
делать особенно,0.043161908002936386
делать золотистый,0.043161908002936386
аперитив бодрящий,0.043161908002936386
золотистый типичный,0.043161908002936386
великолепный наслаждаться,0.043161908002936386
аперитив летний,0.043161908002936386
блеск день,0.043161908002936386
великолепный особенно,0.043161908002936386
типичный цветок,0.043161908002936386
аперитив день,0.043161908002936386
блеск хотеться,0.043161908002936386
красный цитрусовый,0.043161908002936386
бодрящий насыщенный,0.043161908002936386
насыщенный типичный,0.043161908002936386
наслаждаться особенно,0.043161908002936386
жаркое особенно,0.043161908002936386
наслаждаться типичный,0.043161908002936386
белых жаркое,0.043161908002936386
делать жаркое,0.043161908002936386
золотистый летний,0.043161908002936386
белых цитрусовый,0.043161908002936386
великолепный хотеться,0.043161908002936386
мускат насыщенный,0.043161908002936386
белых бодрящий,0.043161908002936386
день жаркое,0.043161908002936386
который цитрусовый,0.043161908002936386
красный мускат,0.043161908002936386
красный летний,0.043161908002936386
аперитив хотеться,0.043161908002936386
аперитив блеск,0.043161908002936386
бодрящий летний,0.043161908002936386
жаркое хотеться,0.043161908002936386
золотистый хотеться,0.043161908002936386
летний хотеться,0.043161908002936386
типичный цитрусовый,0.043161908002936386
аперитив насыщенный,0.043161908002936386
аперитив особенно,0.043161908002936386
бодрящий красный,0.043161908002936386
бодрящий наслаждаться,0.043161908002936386
наслаждаться цветок,0.043161908002936386
делать мускат,0.043161908002936386
бодрящий жаркое,0.043161908002936386
день кислотность,0.043161908002936386
красный типичный,0.043161908002936386
аперитив цитрусовый,0.043161908002936386
день цветок,0.043161908002936386
кислотность хотеться,0.043161908002936386
кислотность мускат,0.043161908002936386
белых мускат,0.043161908002936386
аперитив делать,0.043161908002936386
жаркое типичный,0.043161908002936386
день летний,0.043161908002936386
великолепный мускат,0.043161908002936386
летний цветок,0.043161908002936386
делать наслаждаться,0.043161908002936386
блеск типичный,0.043161908002936386
жаркое красный,0.043161908002936386
блеск мускат,0.043161908002936386
насыщенный особенно,0.043161908002936386
великолепный типичный,0.043161908002936386
летний типичный,0.043161908002936386
летний мускат,0.043161908002936386
жаркое цитрусовый,0.043161908002936386
белых делать,0.043161908002936386
аперитив белых,0.043161908002936386
бодрящий золотистый,0.043161908002936386
делать который,0.043161908002936386
особенно цветок,0.043161908002936386
хотеться цветок,0.043161908002936386
жаркое цветок,0.043161908002936386
белых насыщенный,0.043161908002936386
который особенно,0.043161908002936386
аперитив красный,0.043161908002936386
жаркое кислотность,0.043161908002936386
аперитив который,0.043161908002936386
белых который,0.043161908002936386
белых день,0.043161908002936386
жаркое насыщенный,0.043161908002936386
великолепный насыщенный,0.043161908002936386
летний цитрусовый,0.043161908002936386
великолепный летний,0.043161908002936386
который хотеться,0.043161908002936386
делать хотеться,0.043161908002936386
мускат хотеться,0.043161908002936386
белых особенно,0.043161908002936386
бодрящий кислотность,0.043161908002936386
блеск жаркое,0.043161908002936386
день который,0.043161908002936386
типичный хотеться,0.043161908002936386
наслаждаться цитрусовый,0.043161908002936386
бодрящий особенно,0.043161908002936386
белых летний,0.043161908002936386
особенно хотеться,0.043161908002936386
мускат типичный,0.043161908002936386
мускат цитрусовый,0.043161908002936386
жаркое золотистый,0.043161908002936386
блеск летний,0.043161908002936386
кислотность типичный,0.043161908002936386
белых наслаждаться,0.043161908002936386
аперитив типичный,0.043161908002936386
делать день,0.043161908002936386
жаркое наслаждаться,0.043161908002936386
день типичный,0.043161908002936386
делать летний,0.043161908002936386
белых великолепный,0.043161908002936386
мускат цветок,0.043161908002936386
который наслаждаться,0.043161908002936386
делать цветок,0.043161908002936386
кислотность летний,0.043161908002936386
жаркое который,0.043161908002936386
бодрящий цитрусовый,0.043161908002936386
бодрящий великолепный,0.043161908002936386
великолепный делать,0.043161908002936386
день особенно,0.043161908002936386
день хотеться,0.043161908002936386
белых красный,0.043161908002936386
блеск бодрящий,0.043161908002936386
день наслаждаться,0.043161908002936386
жаркое летний,0.043161908002936386
насыщенный хотеться,0.043161908002936386
аперитив цветок,0.043161908002936386
блеск особенно,0.043161908002936386
блеск делать,0.043161908002936386
наслаждаться насыщенный,0.043161908002936386
бодрящий цветок,0.043161908002936386
аперитив золотистый,0.043161908002936386
великолепный красный,0.043161908002936386
бодрящий мускат,0.043161908002936386
день золотистый,0.043161908002936386
бодрящий делать,0.043161908002936386
хотеться цитрусовый,0.043161908002936386
день цитрусовый,0.043161908002936386
вишня продолжительный,0.043166494258083186
вишня красный,0.043166494258083186
красный продолжительный,0.043166494258083186
продолжительный фиалка,0.043166494258083186
вишня тонкий,0.043166494258083186
комплексный фиалка,0.043166494258083186
бархатистый насыщенный,0.043166494258083186
глубокий кислотность,0.043166494258083186
кислотность танин,0.043166494258083186
продолжительный специя,0.043166494258083186
бархатистый послевкусие,0.043166494258083186
вишня танин,0.043166494258083186
специя тонкий,0.043166494258083186
бархатистый кислотность,0.043166494258083186
танин фиалка,0.043166494258083186
специя танин,0.043166494258083186
кислотность комплексный,0.043166494258083186
вишня фиалка,0.043166494258083186
вишня послевкусие,0.043166494258083186
послевкусие продолжительный,0.043166494258083186
вишня комплексный,0.043166494258083186
бархатистый комплексный,0.043166494258083186
красный специя,0.043166494258083186
тонкий фиалка,0.043166494258083186
вишня специя,0.043166494258083186
послевкусие фиалка,0.043166494258083186
продолжительный тонкий,0.043166494258083186
специя фиалка,0.043166494258083186
продолжительный танин,0.043166494258083186
послевкусие специя,0.043166494258083186
красный фиалка,0.043166494258083186
комплексный продолжительный,0.043166494258083186
бархатистый танин,0.043166494258083186
бархатистый красный,0.043166494258083186
комплексный специя,0.043166494258083186
дополнить перец,0.04339534440973001
который перец,0.04339534440973001
ежевика ягодный,0.04339534440973001
красный сбалансированный,0.04339534440973001
прекрасно смородина,0.04339534440973001
вино танин,0.04339534440973001
который танин,0.04339534440973001
ежевика фруктовый,0.04339534440973001
ежевика кислотность,0.04339534440973001
который чернослив,0.04339534440973001
искриться фруктовый,0.04339534440973001
бархатистый который,0.04339534440973001
ежевика искриться,0.04339534440973001
искриться смородина,0.04339534440973001
ежевика насыщенный,0.04339534440973001
насыщенный прекрасно,0.04339534440973001
комплексный прекрасно,0.04339534440973001
искриться красный,0.04339534440973001
богатый вино,0.04339534440973001
нота прекрасно,0.04339534440973001
ежевика лакрица,0.04339534440973001
богатый искриться,0.04339534440973001
искриться ягодный,0.04339534440973001
вино лакрица,0.04339534440973001
сбалансированный танин,0.04339534440973001
перец танин,0.04339534440973001
смородина чернослив,0.04339534440973001
нота ягодный,0.04339534440973001
ежевика смородина,0.04339534440973001
перец смородина,0.04339534440973001
ежевика сбалансированный,0.04339534440973001
вино чернослив,0.04339534440973001
бархатистый нота,0.04339534440973001
комплексный перец,0.04339534440973001
который лакрица,0.04339534440973001
чернослив ягодный,0.04339534440973001
богатый кислотность,0.04339534440973001
искриться нота,0.04339534440973001
красный фруктовый,0.04339534440973001
комплексный фруктовый,0.04339534440973001
нота фруктовый,0.04339534440973001
дополнить ежевика,0.04339534440973001
вино ежевика,0.04339534440973001
бархатистый прекрасно,0.04339534440973001
сбалансированный ягодный,0.04339534440973001
вино искриться,0.04339534440973001
ежевика танин,0.04339534440973001
красный перец,0.04339534440973001
красный нота,0.04339534440973001
кислотность лакрица,0.04339534440973001
ежевика чернослив,0.04339534440973001
смородина танин,0.04339534440973001
лакрица сбалансированный,0.04339534440973001
богатый который,0.04339534440973001
комплексный сбалансированный,0.04339534440973001
прекрасно танин,0.04339534440973001
дополнить ягодный,0.04339534440973001
насыщенный нота,0.04339534440973001
ежевика комплексный,0.04339534440973001
кислотность перец,0.04339534440973001
искриться лакрица,0.04339534440973001
бархатистый ежевика,0.04339534440973001
бархатистый искриться,0.04339534440973001
перец сбалансированный,0.04339534440973001
ежевика послевкусие,0.04339534440973001
танин фруктовый,0.04339534440973001
который послевкусие,0.04339534440973001
богатый смородина,0.04339534440973001
ежевика который,0.04339534440973001
искриться прекрасно,0.04339534440973001
богатый сбалансированный,0.04339534440973001
искриться который,0.04339534440973001
вино ягодный,0.04339534440973001
насыщенный ягодный,0.04339534440973001
комплексный нота,0.04339534440973001
бархатистый лакрица,0.04339534440973001
искриться комплексный,0.04339534440973001
искриться послевкусие,0.04339534440973001
нота чернослив,0.04339534440973001
бархатистый фруктовый,0.04339534440973001
бархатистый смородина,0.04339534440973001
богатый ежевика,0.04339534440973001
комплексный смородина,0.04339534440973001
бархатистый чернослив,0.04339534440973001
искриться чернослив,0.04339534440973001
богатый фруктовый,0.04339534440973001
лакрица нота,0.04339534440973001
вино перец,0.04339534440973001
перец фруктовый,0.04339534440973001
прекрасно чернослив,0.04339534440973001
который прекрасно,0.04339534440973001
который смородина,0.04339534440973001
послевкусие ягодный,0.04339534440973001
бархатистый дополнить,0.04339534440973001
фруктовый чернослив,0.04339534440973001
смородина фруктовый,0.04339534440973001
комплексный который,0.04339534440973001
нота перец,0.04339534440973001
фруктовый ягодный,0.04339534440973001
который сбалансированный,0.04339534440973001
лакрица смородина,0.04339534440973001
лакрица перец,0.04339534440973001
бархатистый богатый,0.04339534440973001
перец прекрасно,0.04339534440973001
насыщенный перец,0.04339534440973001
дополнить искриться,0.04339534440973001
богатый перец,0.04339534440973001
прекрасно ягодный,0.04339534440973001
дополнить нота,0.04339534440973001
танин ягодный,0.04339534440973001
ежевика перец,0.04339534440973001
ежевика нота,0.04339534440973001
бархатистый ягодный,0.04339534440973001
красный ягодный,0.04339534440973001
вино смородина,0.04339534440973001
богатый ягодный,0.04339534440973001
вино нота,0.04339534440973001
кислотность смородина,0.04339534440973001
искриться перец,0.04339534440973001
нота сбалансированный,0.04339534440973001
комплексный ягодный,0.04339534440973001
кислотность чернослив,0.04339534440973001
перец чернослив,0.04339534440973001
вино комплексный,0.04339534440973001
бархатистый перец,0.04339534440973001
лакрица прекрасно,0.04339534440973001
искриться сбалансированный,0.04339534440973001
кислотность нота,0.04339534440973001
насыщенный фруктовый,0.04339534440973001
кислотность ягодный,0.04339534440973001
красный прекрасно,0.04339534440973001
бархатистый вино,0.04339534440973001
лакрица ягодный,0.04339534440973001
нота танин,0.04339534440973001
нота смородина,0.04339534440973001
богатый нота,0.04339534440973001
сбалансированный смородина,0.04339534440973001
ежевика красный,0.04339534440973001
искриться танин,0.04339534440973001
искриться насыщенный,0.04339534440973001
который нота,0.04339534440973001
который ягодный,0.04339534440973001
дополнить который,0.04339534440973001
лакрица фруктовый,0.04339534440973001
ежевика прекрасно,0.04339534440973001
бархатистый сбалансированный,0.04339534440973001
богатый прекрасно,0.04339534440973001
сбалансированный чернослив,0.04339534440973001
смородина ягодный,0.04339534440973001
искриться кислотность,0.04339534440973001
который фруктовый,0.04339534440973001
перец ягодный,0.04339534440973001
дополнить смородина,0.04339534440973001
нота послевкусие,0.04339534440973001
перец послевкусие,0.04339534440973001
красный послевкусие,0.04411404834250437
раскрываться фруктовый,0.044141671309589556
глубокий жёлтый,0.044141671309589556
освежать яркий,0.044141671309589556
фруктовый яркий,0.044141671309589556
сбалансированный яркий,0.044141671309589556
вино яркий,0.044141671309589556
раскрываться трава,0.044141671309589556
глубокий яркий,0.044141671309589556
вино глубокий,0.044141671309589556
глубокий трава,0.044141671309589556
раскрываться яркий,0.044141671309589556
жёлтый яркий,0.044141671309589556
глубокий сбалансированный,0.044141671309589556
глубокий фруктовый,0.044141671309589556
послевкусие яркий,0.044141671309589556
освежать послевкусие,0.04476866638954594
кислотность прекрасно,0.04492923663315167
прекрасно сбалансированный,0.04492923663315167
кислотность сбалансированный,0.04492923663315167
послевкусие прекрасно,0.04492923663315167
жёлтый раскрываться,0.04492923663315167
кислотность раскрываться,0.04492923663315167
вино раскрываться,0.04492923663315167
вино прекрасно,0.04492923663315167
раскрываться сбалансированный,0.04492923663315167
кислотность цветок,0.04492923663315167
послевкусие фруктовый,0.04520454406002305
послевкусие трава,0.04520454406002305
золотистый цветок,0.04520454406002305
освежать трава,0.04520454406002305
кислотность послевкусие,0.04571384792488729
лакрица фиалка,0.04643584981638928
красный лёгкое,0.04643584981638928
лёгкое ощутимый,0.04643584981638928
богатый ощутимый,0.04643584981638928
лёгкое танин,0.04643584981638928
комплексный шоколад,0.04643584981638928
лёгкое фиалка,0.04643584981638928
комплексный лёгкое,0.04643584981638928
фиалка шоколад,0.04643584981638928
тонкий шоколад,0.04643584981638928
дополнить специя,0.04643584981638928
вишня ощутимый,0.04643584981638928
вишня дополнить,0.04643584981638928
фиалка чернослив,0.04643584981638928
продолжительный чернослив,0.04643584981638928
ощутимый специя,0.04643584981638928
вишня чернослив,0.04643584981638928
богатый фиалка,0.04643584981638928
ощутимый танин,0.04643584981638928
ощутимый фиалка,0.04643584981638928
комплексный ощутимый,0.04643584981638928
дополнить фиалка,0.04643584981638928
лакрица шоколад,0.04643584981638928
дополнить ощутимый,0.04643584981638928
ощутимый послевкусие,0.04643584981638928
вишня шоколад,0.04643584981638928
лёгкое шоколад,0.04643584981638928
лакрица специя,0.04643584981638928
танин шоколад,0.04643584981638928
чернослив шоколад,0.04643584981638928
лакрица лёгкое,0.04643584981638928
ощутимый тонкий,0.04643584981638928
лакрица продолжительный,0.04643584981638928
богатый специя,0.04643584981638928
лёгкое продолжительный,0.04643584981638928
дополнить шоколад,0.04643584981638928
ощутимый шоколад,0.04643584981638928
ощутимый продолжительный,0.04643584981638928
вишня лёгкое,0.04643584981638928
лакрица ощутимый,0.04643584981638928
богатый лёгкое,0.04643584981638928
лёгкое специя,0.04643584981638928
богатый продолжительный,0.04643584981638928
богатый шоколад,0.04643584981638928
лёгкое чернослив,0.04643584981638928
богатый вишня,0.04643584981638928
вишня лакрица,0.04643584981638928
дополнить продолжительный,0.04643584981638928
красный шоколад,0.04643584981638928
продолжительный шоколад,0.04643584981638928
красный ощутимый,0.04643584981638928
специя шоколад,0.04643584981638928
ощутимый чернослив,0.04643584981638928
специя чернослив,0.04643584981638928
послевкусие шоколад,0.04643584981638928
жёлтый послевкусие,0.048124743853798974
малин насыщенный,0.04987388023481167
бархатистый вишня,0.04987388023481167
бархатистый букет,0.04987388023481167
малин мясо,0.04987388023481167
малин продолжительный,0.04987388023481167
сырой тонкий,0.04987388023481167
мясо продолжительный,0.04987388023481167
гармоничный продолжительный,0.04987388023481167
малин переспелый,0.04987388023481167
бархатистый среднетелый,0.04987388023481167
освежать фиалка,0.04987388023481167
раскрываться специя,0.04987388023481167
насыщенный переспелый,0.04987388023481167
специя сырой,0.04987388023481167
гармоничный специя,0.04987388023481167
бархатистый малин,0.04987388023481167
гармоничный малин,0.04987388023481167
специя трава,0.04987388023481167
аромат мясо,0.04987388023481167
гармоничный пряный,0.04987388023481167
продолжительный среднетелый,0.04987388023481167
кислотность мясо,0.04987388023481167
мясо фиалка,0.04987388023481167
переспелый среднетелый,0.04987388023481167
переспелый раскрываться,0.04987388023481167
мясо насыщенный,0.04987388023481167
комплексный освежать,0.04987388023481167
малин сырой,0.04987388023481167
переспелый послевкусие,0.04987388023481167
вишня среднетелый,0.04987388023481167
мясо послевкусие,0.04987388023481167
комплексный трава,0.04987388023481167
малин фиалка,0.04987388023481167
продолжительный раскрываться,0.04987388023481167
малин пряный,0.04987388023481167
пряный танин,0.04987388023481167
аромат малин,0.04987388023481167
букет вишня,0.04987388023481167
бархатистый трава,0.04987388023481167
гармоничный красный,0.04987388023481167
сырой фиалка,0.04987388023481167
букет раскрываться,0.04987388023481167
глубокий комплексный,0.04987388023481167
среднетелый фиалка,0.04987388023481167
комплексный мясо,0.04987388023481167
освежать танин,0.04987388023481167
глубокий красный,0.04987388023481167
сырой танин,0.04987388023481167
вишня пряный,0.04987388023481167
раскрываться среднетелый,0.04987388023481167
среднетелый сырой,0.04987388023481167
глубокий среднетелый,0.04987388023481167
аромат среднетелый,0.04987388023481167
трава фиалка,0.04987388023481167
глубокий пряный,0.04987388023481167
глубокий малин,0.04987388023481167
насыщенный среднетелый,0.04987388023481167
раскрываться сырой,0.04987388023481167
красный мясо,0.04987388023481167
бархатистый специя,0.04987388023481167
букет красный,0.04987388023481167
переспелый сырой,0.04987388023481167
красный среднетелый,0.04987388023481167
гармоничный тонкий,0.04987388023481167
вишня мясо,0.04987388023481167
освежать среднетелый,0.04987388023481167
насыщенный пряный,0.04987388023481167
насыщенный раскрываться,0.04987388023481167
букет специя,0.04987388023481167
пряный раскрываться,0.04987388023481167
раскрываться тонкий,0.04987388023481167
красный пряный,0.04987388023481167
пряный специя,0.04987388023481167
вишня трава,0.04987388023481167
среднетелый танин,0.04987388023481167
красный переспелый,0.04987388023481167
освежать специя,0.04987388023481167
переспелый специя,0.04987388023481167
красный сырой,0.04987388023481167
кислотность пряный,0.04987388023481167
глубокий сырой,0.04987388023481167
кислотность среднетелый,0.04987388023481167
вишня малин,0.04987388023481167
бархатистый гармоничный,0.04987388023481167
раскрываться фиалка,0.04987388023481167
гармоничный фиалка,0.04987388023481167
кислотность сырой,0.04987388023481167
красный малин,0.04987388023481167
глубокий переспелый,0.04987388023481167
мясо среднетелый,0.04987388023481167
комплексный малин,0.04987388023481167
комплексный пряный,0.04987388023481167
букет фиалка,0.04987388023481167
вишня глубокий,0.04987388023481167
мясо тонкий,0.04987388023481167
среднетелый тонкий,0.04987388023481167
послевкусие среднетелый,0.04987388023481167
пряный трава,0.04987388023481167
освежать переспелый,0.04987388023481167
послевкусие сырой,0.04987388023481167
мясо специя,0.04987388023481167
вишня освежать,0.04987388023481167
букет тонкий,0.04987388023481167
букет продолжительный,0.04987388023481167
вишня гармоничный,0.04987388023481167
продолжительный сырой,0.04987388023481167
переспелый фиалка,0.04987388023481167
среднетелый трава,0.04987388023481167
бархатистый продолжительный,0.04987388023481167
гармоничный раскрываться,0.04987388023481167
малин послевкусие,0.04987388023481167
переспелый пряный,0.04987388023481167
пряный фиалка,0.04987388023481167
глубокий мясо,0.04987388023481167
малин танин,0.04987388023481167
кислотность продолжительный,0.04987388023481167
бархатистый мясо,0.04987388023481167
букет комплексный,0.04987388023481167
бархатистый сырой,0.04987388023481167
бархатистый освежать,0.04987388023481167
специя среднетелый,0.04987388023481167
малин среднетелый,0.04987388023481167
комплексный переспелый,0.04987388023481167
букет танин,0.04987388023481167
комплексный раскрываться,0.04987388023481167
гармоничный мясо,0.04987388023481167
вишня сырой,0.04987388023481167
пряный среднетелый,0.04987388023481167
переспелый танин,0.04987388023481167
продолжительный трава,0.04987388023481167
освежать сырой,0.04987388023481167
вишня кислотность,0.04987388023481167
красный раскрываться,0.04987388023481167
глубокий фиалка,0.04987388023481167
танин трава,0.04987388023481167
освежать продолжительный,0.04987388023481167
малин трава,0.04987388023481167
мясо освежать,0.04987388023481167
букет мясо,0.04987388023481167
мясо трава,0.04987388023481167
бархатистый фиалка,0.04987388023481167
глубокий танин,0.04987388023481167
глубокий продолжительный,0.04987388023481167
букет среднетелый,0.04987388023481167
малин специя,0.04987388023481167
сырой трава,0.04987388023481167
гармоничный комплексный,0.04987388023481167
аромат сырой,0.04987388023481167
тонкий трава,0.04987388023481167
переспелый трава,0.04987388023481167
букет пряный,0.04987388023481167
гармоничный переспелый,0.04987388023481167
гармоничный среднетелый,0.04987388023481167
малин раскрываться,0.04987388023481167
кислотность переспелый,0.04987388023481167
продолжительный пряный,0.04987388023481167
комплексный среднетелый,0.04987388023481167
бархатистый пряный,0.04987388023481167
букет переспелый,0.04987388023481167
вишня переспелый,0.04987388023481167
бархатистый переспелый,0.04987388023481167
букет глубокий,0.04987388023481167
насыщенный сырой,0.04987388023481167
глубокий специя,0.04987388023481167
кислотность трава,0.04987388023481167
мясо сырой,0.04987388023481167
кислотность малин,0.04987388023481167
гармоничный трава,0.04987388023481167
мясо пряный,0.04987388023481167
малин освежать,0.04987388023481167
глубокий насыщенный,0.04987388023481167
пряный сырой,0.04987388023481167
мясо раскрываться,0.04987388023481167
глубокий тонкий,0.04987388023481167
малин тонкий,0.04987388023481167
бархатистый раскрываться,0.04987388023481167
аромат переспелый,0.04987388023481167
букет сырой,0.04987388023481167
кислотность фиалка,0.04987388023481167
переспелый тонкий,0.04987388023481167
гармоничный сырой,0.04987388023481167
гармоничный глубокий,0.04987388023481167
комплексный сырой,0.04987388023481167
гармоничный танин,0.04987388023481167
раскрываться танин,0.04987388023481167
кислотность специя,0.04987388023481167
букет малин,0.04987388023481167
мясо переспелый,0.04987388023481167
букет трава,0.04987388023481167
вишня раскрываться,0.04987388023481167
бархатистый глубокий,0.04987388023481167
мясо танин,0.04987388023481167
переспелый продолжительный,0.04987388023481167
блеск цветок,0.050011102446991716
блеск золотистый,0.050011102446991716
золотистый освежать,0.050011102446991716
блеск трава,0.050011102446991716
зеленоватый кислинка,0.050011102446991716
кислинка трава,0.050011102446991716
зеленоватый цветок,0.050011102446991716
зеленоватый трава,0.050011102446991716
блеск кислинка,0.050011102446991716
кислинка освежать,0.050011102446991716
блеск освежать,0.050063198355944374
блеск послевкусие,0.050063198355944374
кислотность освежать,0.050063198355944374
блеск зеленоватый,0.050063198355944374
дополнить послевкусие,0.050063198355944374
кислотность насыщенный,0.050063198355944374
зеленоватый сбалансированный,0.050496288812247284
зеленоватый фрукт,0.050496288812247284
освежать прекрасно,0.050496288812247284
зеленоватый раскрываться,0.050496288812247284
прекрасно цветок,0.050496288812247284
жёлтый прекрасно,0.050496288812247284
раскрываться фрукт,0.050496288812247284
освежать фрукт,0.050496288812247284
белых кислотность,0.050496288812247284
раскрываться светло,0.050496288812247284
прекрасно раскрываться,0.050496288812247284
раскрываться цветок,0.050496288812247284
аромат кислотность,0.05072712053139333
блеск черносмородиновый,0.05100058427484286
долг яркий,0.05100058427484286
светло фруктовый,0.05100058427484286
раскрываться экзотический,0.05100058427484286
глубокий свежескошенный,0.05100058427484286
долг фруктовый,0.05100058427484286
глубокий зеленоватый,0.05100058427484286
бокал сбалансированный,0.05100058427484286
бокал фрукт,0.05100058427484286
кислинка свежескошенный,0.05100058427484286
послевкусие свежескошенный,0.05100058427484286
вино свежескошенный,0.05100058427484286
долг лист,0.05100058427484286
сочный фруктовый,0.05100058427484286
вино лист,0.05100058427484286
жёлтый черносмородиновый,0.05100058427484286
лист трава,0.05100058427484286
жёлтый лист,0.05100058427484286
вино долг,0.05100058427484286
освежать черносмородиновый,0.05100058427484286
абрикос фрукт,0.05100058427484286
раскрываться сочный,0.05100058427484286
абрикос глубокий,0.05100058427484286
сочный черносмородиновый,0.05100058427484286
свежескошенный фрукт,0.05100058427484286
бокал вино,0.05100058427484286
свежескошенный фруктовый,0.05100058427484286
абрикос черносмородиновый,0.05100058427484286
лист фруктовый,0.05100058427484286
зеленоватый черносмородиновый,0.05100058427484286
зеленоватый яркий,0.05100058427484286
сбалансированный сочный,0.05100058427484286
абрикос фруктовый,0.05100058427484286
сбалансированный черносмородиновый,0.05100058427484286
абрикос жёлтый,0.05100058427484286
свежескошенный яркий,0.05100058427484286
свежескошенный сочный,0.05100058427484286
долг экзотический,0.05100058427484286
долг черносмородиновый,0.05100058427484286
бокал зеленоватый,0.05100058427484286
глубокий кислинка,0.05100058427484286
абрикос долг,0.05100058427484286
глубокий сочный,0.05100058427484286
глубокий фрукт,0.05100058427484286
свежескошенный экзотический,0.05100058427484286
фруктовый экзотический,0.05100058427484286
сочный фрукт,0.05100058427484286
долг фрукт,0.05100058427484286
трава черносмородиновый,0.05100058427484286
долг кислинка,0.05100058427484286
глубокий долг,0.05100058427484286
лист раскрываться,0.05100058427484286
лист светло,0.05100058427484286
бокал освежать,0.05100058427484286
бокал сочный,0.05100058427484286
лист черносмородиновый,0.05100058427484286
освежать экзотический,0.05100058427484286
блеск свежескошенный,0.05100058427484286
послевкусие черносмородиновый,0.05100058427484286
бокал свежескошенный,0.05100058427484286
черносмородиновый экзотический,0.05100058427484286
абрикос сочный,0.05100058427484286
светло яркий,0.05100058427484286
блеск экзотический,0.05100058427484286
глубокий экзотический,0.05100058427484286
бокал глубокий,0.05100058427484286
кислинка яркий,0.05100058427484286
бокал трава,0.05100058427484286
абрикос кислинка,0.05100058427484286
лист фрукт,0.05100058427484286
лист освежать,0.05100058427484286
абрикос лист,0.05100058427484286
абрикос сбалансированный,0.05100058427484286
трава экзотический,0.05100058427484286
глубокий светло,0.05100058427484286
блеск лист,0.05100058427484286
долг раскрываться,0.05100058427484286
сбалансированный свежескошенный,0.05100058427484286
фрукт черносмородиновый,0.05100058427484286
долг сбалансированный,0.05100058427484286
кислинка раскрываться,0.05100058427484286
абрикос послевкусие,0.05100058427484286
лист яркий,0.05100058427484286
трава фрукт,0.05100058427484286
блеск сбалансированный,0.05100058427484286
лист послевкусие,0.05100058427484286
бокал экзотический,0.05100058427484286
долг свежескошенный,0.05100058427484286
абрикос трава,0.05100058427484286
зеленоватый лист,0.05100058427484286
лист свежескошенный,0.05100058427484286
лист экзотический,0.05100058427484286
вино трава,0.05100058427484286
бокал яркий,0.05100058427484286
раскрываться черносмородиновый,0.05100058427484286
долг сочный,0.05100058427484286
абрикос освежать,0.05100058427484286
сочный яркий,0.05100058427484286
бокал кислинка,0.05100058427484286
фрукт яркий,0.05100058427484286
кислинка черносмородиновый,0.05100058427484286
бокал жёлтый,0.05100058427484286
долг трава,0.05100058427484286
кислинка лист,0.05100058427484286
бокал лист,0.05100058427484286
черносмородиновый яркий,0.05100058427484286
сбалансированный трава,0.05100058427484286
вино черносмородиновый,0.05100058427484286
абрикос блеск,0.05100058427484286
глубокий лист,0.05100058427484286
абрикос экзотический,0.05100058427484286
глубокий черносмородиновый,0.05100058427484286
бокал черносмородиновый,0.05100058427484286
абрикос зеленоватый,0.05100058427484286
свежескошенный черносмородиновый,0.05100058427484286
абрикос яркий,0.05100058427484286
жёлтый свежескошенный,0.05100058427484286
абрикос бокал,0.05100058427484286
бокал долг,0.05100058427484286
лист сбалансированный,0.05100058427484286
абрикос раскрываться,0.05100058427484286
светло черносмородиновый,0.05100058427484286
бокал фруктовый,0.05100058427484286
блеск бокал,0.05100058427484286
свежескошенный светло,0.05100058427484286
раскрываться свежескошенный,0.05100058427484286
блеск фрукт,0.05100058427484286
бокал светло,0.05100058427484286
блеск глубокий,0.05100058427484286
зеленоватый свежескошенный,0.05100058427484286
фрукт фруктовый,0.05100058427484286
освежать свежескошенный,0.05100058427484286
зеленоватый экзотический,0.05100058427484286
блеск раскрываться,0.05100058427484286
бокал послевкусие,0.05100058427484286
лист сочный,0.05100058427484286
бокал раскрываться,0.05100058427484286
свежескошенный трава,0.05100058427484286
абрикос светло,0.05100058427484286
абрикос свежескошенный,0.05100058427484286
фруктовый черносмородиновый,0.05100058427484286
трава яркий,0.05100058427484286
блеск яркий,0.05100058427484286
экзотический яркий,0.05100058427484286
сочный экзотический,0.05100058427484286
абрикос вино,0.05100058427484286
кислинка послевкусие,0.051720785902840384
золотистый послевкусие,0.051720785902840384
послевкусие светло,0.05187651926197425
вино послевкусие,0.05187651926197425
вино сбалансированный,0.053657210617454196
послевкусие сбалансированный,0.053657210617454196
сочный трава,0.05485189943728877
блеск красный,0.05485189943728877
светло трава,0.05485189943728877
блеск сочный,0.05485189943728877
красный смородина,0.05485189943728877
красный цветок,0.05485189943728877
послевкусие смородина,0.05485189943728877
красный освежать,0.05485189943728877
кислинка сочный,0.05485189943728877
красный трава,0.05485189943728877
золотистый красный,0.05485189943728877
блеск светло,0.05538637307078559
кислотность цитрусовый,0.05538637307078559
дополнить кислотность,0.05538637307078559
блеск жёлтый,0.05538637307078559
жёлтый кислотность,0.05538637307078559
жёлтый освежать,0.05568830821022318
зеленоватый освежать,0.05612993141319121
жёлтый светло,0.05612993141319121
зеленоватый послевкусие,0.05612993141319121
освежать светло,0.05612993141319121
белых приятный,0.056207833967933406
блеск цедра,0.056207833967933406
золотистый трава,0.056207833967933406
цветок яблоко,0.056207833967933406
золотистый лёгкое,0.056207833967933406
фруктовый цветок,0.056207833967933406
зеленоватый фруктовый,0.056207833967933406
цветок цедра,0.056207833967933406
приятный цветок,0.056207833967933406
зеленоватый цедра,0.056207833967933406
кислинка фруктовый,0.056207833967933406
золотистый фруктовый,0.056207833967933406
жёлтый трава,0.056207833967933406
белых золотистый,0.056207833967933406
трава цветок,0.056207833967933406
освежать цедра,0.056207833967933406
трава фруктовый,0.056207833967933406
блеск фруктовый,0.056207833967933406
трава цедра,0.056207833967933406
зеленоватый золотистый,0.056207833967933406
кислинка цветок,0.056207833967933406
белых зеленоватый,0.056207833967933406
белых блеск,0.056207833967933406
белых яблоко,0.056207833967933406
кислинка светло,0.05722021040608979
золотистый кислинка,0.05722021040608979
сбалансированный фрукт,0.05722021040608979
кислинка цедра,0.05722021040608979
светло фрукт,0.05722021040608979
жёлтый золотистый,0.05722021040608979
послевкусие цедра,0.05722021040608979
послевкусие фрукт,0.05722021040608979
вино фрукт,0.05722021040608979
жёлтый кислинка,0.05722021040608979
жёлтый фрукт,0.05722021040608979
золотистый цедра,0.05722021040608979
устойчивый фрукт,0.058342608168901446
устойчивый яблоко,0.058342608168901446
светло тропический,0.058342608168901446
зеленоватый тропический,0.058342608168901446
приятный раскрываться,0.058342608168901446
тропический яблоко,0.058342608168901446
освежать тропический,0.058342608168901446
раскрываться яблоко,0.058342608168901446
кислотность приятный,0.058342608168901446
прекрасно яблоко,0.058342608168901446
аромат устойчивый,0.058342608168901446
приятный устойчивый,0.058342608168901446
прекрасно светло,0.058342608168901446
белых фрукт,0.058342608168901446
раскрываться устойчивый,0.058342608168901446
прекрасно устойчивый,0.058342608168901446
вино тропический,0.058342608168901446
раскрываться тропический,0.058342608168901446
кислотность тропический,0.058342608168901446
фрукт цветок,0.058342608168901446
жёлтый устойчивый,0.058342608168901446
кислотность фрукт,0.058342608168901446
вино устойчивый,0.058342608168901446
белых раскрываться,0.058342608168901446
тропический фрукт,0.058342608168901446
тропический цветок,0.058342608168901446
освежать устойчивый,0.058342608168901446
зеленоватый прекрасно,0.058342608168901446
жёлтый тропический,0.058342608168901446
белых устойчивый,0.058342608168901446
белых тропический,0.058342608168901446
прекрасно фрукт,0.058342608168901446
прекрасно приятный,0.058342608168901446
послевкусие тропический,0.058342608168901446
светло устойчивый,0.058342608168901446
зеленоватый устойчивый,0.058342608168901446
послевкусие устойчивый,0.058342608168901446
прекрасно тропический,0.058342608168901446
сбалансированный тропический,0.058342608168901446
белых прекрасно,0.058342608168901446
аромат тропический,0.058342608168901446
кислотность устойчивый,0.058342608168901446
сбалансированный устойчивый,0.058342608168901446
тропический устойчивый,0.058342608168901446
приятный тропический,0.058342608168901446
устойчивый цветок,0.058342608168901446
освежать цветок,0.05835110284509356
жёлтый сбалансированный,0.05835110284509356
послевкусие цветок,0.05835110284509356
вино жёлтый,0.06002973443995485
вино кислотность,0.060088241591952016
вино светло,0.061040135387018454
жёлтый зеленоватый,0.061040135387018454
жёлтый яблоко,0.061040135387018454
зеленоватый светло,0.061040135387018454
послевкусие яблоко,0.061040135387018454
гармоничный кислотность,0.062249138877681305
зеленоватый кислотность,0.062249138877681305
жёлтый зелёный,0.062249138877681305
гармоничный насыщенный,0.062249138877681305
долг зеленоватый,0.062249138877681305
аромат букет,0.062249138877681305
зелёный освежать,0.062249138877681305
долг послевкусие,0.062249138877681305
блеск зелёный,0.062249138877681305
зеленоватый зелёный,0.062249138877681305
насыщенный цитрусовый,0.062249138877681305
букет насыщенный,0.062249138877681305
букет послевкусие,0.062249138877681305
блеск цитрусовый,0.062249138877681305
долг освежать,0.062249138877681305
зелёный послевкусие,0.062249138877681305
блеск долг,0.062249138877681305
дополнить освежать,0.062249138877681305
букет гармоничный,0.062249138877681305
освежать цитрусовый,0.062249138877681305
гармоничный освежать,0.062249138877681305
гармоничный послевкусие,0.062249138877681305
дополнить жёлтый,0.062249138877681305
блеск кислотность,0.062249138877681305
аромат гармоничный,0.062249138877681305
блеск яблоко,0.062249138877681305
долг жёлтый,0.062249138877681305
дополнить цитрусовый,0.062249138877681305
жёлтый цитрусовый,0.062249138877681305
долг светло,0.062249138877681305
зелёный яблоко,0.062249138877681305
послевкусие цитрусовый,0.062249138877681305
кислотность яблоко,0.062249138877681305
букет кислотность,0.062249138877681305
букет освежать,0.062249138877681305
кислотность светло,0.062249138877681305
смородина сочный,0.06337501134169593
лайм освежать,0.06337501134169593
лайм сочный,0.06337501134169593
красный сочный,0.06337501134169593
красный лайм,0.06337501134169593
красный крыжовник,0.06337501134169593
лайм цветок,0.06337501134169593
светло скосить,0.06337501134169593
освежать скосить,0.06337501134169593
лайм мятый,0.06337501134169593
кислинка лайм,0.06337501134169593
крыжовник скосить,0.06337501134169593
мятый послевкусие,0.06337501134169593
золотистый сочный,0.06337501134169593
мятый освежать,0.06337501134169593
крыжовник мятый,0.06337501134169593
зеленоватый крыжовник,0.06337501134169593
лайм послевкусие,0.06337501134169593
кислинка скосить,0.06337501134169593
светло смородина,0.06337501134169593
золотистый смородина,0.06337501134169593
кислинка крыжовник,0.06337501134169593
смородина цедра,0.06337501134169593
крыжовник цедра,0.06337501134169593
скосить цветок,0.06337501134169593
золотистый лайм,0.06337501134169593
золотистый мятый,0.06337501134169593
мятый светло,0.06337501134169593
крыжовник освежать,0.06337501134169593
кислинка смородина,0.06337501134169593
красный светло,0.06337501134169593
блеск лайм,0.06337501134169593
скосить трава,0.06337501134169593
крыжовник смородина,0.06337501134169593
мятый скосить,0.06337501134169593
золотистый крыжовник,0.06337501134169593
мятый цедра,0.06337501134169593
лайм светло,0.06337501134169593
зеленоватый мятый,0.06337501134169593
послевкусие скосить,0.06337501134169593
зеленоватый смородина,0.06337501134169593
кислинка мятый,0.06337501134169593
крыжовник лайм,0.06337501134169593
мятый сочный,0.06337501134169593
сочный цветок,0.06337501134169593
мятый цветок,0.06337501134169593
крыжовник цветок,0.06337501134169593
золотистый скосить,0.06337501134169593
скосить цедра,0.06337501134169593
крыжовник трава,0.06337501134169593
блеск мятый,0.06337501134169593
зеленоватый красный,0.06337501134169593
блеск скосить,0.06337501134169593
блеск смородина,0.06337501134169593
мятый смородина,0.06337501134169593
красный цедра,0.06337501134169593
крыжовник светло,0.06337501134169593
зеленоватый скосить,0.06337501134169593
лайм смородина,0.06337501134169593
красный мятый,0.06337501134169593
блеск крыжовник,0.06337501134169593
смородина трава,0.06337501134169593
зеленоватый лайм,0.06337501134169593
смородина цветок,0.06337501134169593
крыжовник сочный,0.06337501134169593
красный скосить,0.06337501134169593
сочный цедра,0.06337501134169593
освежать смородина,0.06337501134169593
скосить сочный,0.06337501134169593
кислинка красный,0.06337501134169593
крыжовник послевкусие,0.06337501134169593
скосить смородина,0.06337501134169593
лайм цедра,0.06337501134169593
мятый трава,0.06337501134169593
лайм скосить,0.06337501134169593
лайм трава,0.06337501134169593
сбалансированный светло,0.0639027990122805
жёлтый цветок,0.0639027990122805
освежать сбалансированный,0.0639027990122805
белых цветок,0.0639027990122805
вино цветок,0.0639027990122805
послевкусие экзотический,0.06431020171020392
жёлтый цедра,0.06431020171020392
вино кислинка,0.06431020171020392
кислинка экзотический,0.06431020171020392
приятный фрукт,0.06431020171020392
цедра яблоко,0.06431020171020392
сбалансированный яблоко,0.06431020171020392
кислинка яблоко,0.06431020171020392
золотистый яблоко,0.06431020171020392
приятный цедра,0.06431020171020392
светло цедра,0.06431020171020392
сбалансированный экзотический,0.06431020171020392
фрукт экзотический,0.06431020171020392
кислинка фрукт,0.06431020171020392
фрукт яблоко,0.06431020171020392
светло экзотический,0.06431020171020392
золотистый светло,0.06431020171020392
жёлтый экзотический,0.06431020171020392
вино экзотический,0.06431020171020392
приятный сбалансированный,0.06431020171020392
кислинка сбалансированный,0.06431020171020392
кислинка приятный,0.06431020171020392
золотистый приятный,0.06431020171020392
золотистый сбалансированный,0.06431020171020392
аромат дополнить,0.0646460893736434
приятный сухой,0.06494163651128455
цедра ярка,0.06494163651128455
кислинка лёгкое,0.06494163651128455
живой золотистый,0.06494163651128455
зелёный приятный,0.06494163651128455
живой кислинка,0.06494163651128455
зелёный трава,0.06494163651128455
живой зелёный,0.06494163651128455
кислинка сухой,0.06494163651128455
послевкусие структурировать,0.06494163651128455
структурировать цветок,0.06494163651128455
белых цедра,0.06494163651128455
фруктовый ярка,0.06494163651128455
сухой цедра,0.06494163651128455
послевкусие ярка,0.06494163651128455
блеск сухой,0.06494163651128455
кислинка ярка,0.06494163651128455
приятный фруктовый,0.06494163651128455
живой яблоко,0.06494163651128455
лёгкое сухой,0.06494163651128455
живой лёгкое,0.06494163651128455
освежать структурировать,0.06494163651128455
структурировать цедра,0.06494163651128455
зеленоватый сухой,0.06494163651128455
живой зеленоватый,0.06494163651128455
зеленоватый структурировать,0.06494163651128455
живой жёлтый,0.06494163651128455
белых ярка,0.06494163651128455
белых живой,0.06494163651128455
зелёный цветок,0.06494163651128455
жёлтый структурировать,0.06494163651128455
живой освежать,0.06494163651128455
яблоко ярка,0.06494163651128455
кислинка структурировать,0.06494163651128455
сухой ярка,0.06494163651128455
живой фруктовый,0.06494163651128455
зелёный цедра,0.06494163651128455
живой послевкусие,0.06494163651128455
освежать сухой,0.06494163651128455
блеск живой,0.06494163651128455
фруктовый цедра,0.06494163651128455
структурировать трава,0.06494163651128455
лёгкое структурировать,0.06494163651128455
белых структурировать,0.06494163651128455
цветок ярка,0.06494163651128455
золотистый структурировать,0.06494163651128455
блеск приятный,0.06494163651128455
сухой трава,0.06494163651128455
живой структурировать,0.06494163651128455
структурировать фруктовый,0.06494163651128455
структурировать яблоко,0.06494163651128455
приятный структурировать,0.06494163651128455
приятный ярка,0.06494163651128455
зелёный лёгкое,0.06494163651128455
живой приятный,0.06494163651128455
золотистый ярка,0.06494163651128455
живой сухой,0.06494163651128455
лёгкое ярка,0.06494163651128455
освежать ярка,0.06494163651128455
зелёный кислинка,0.06494163651128455
блеск лёгкое,0.06494163651128455
зелёный структурировать,0.06494163651128455
белых сухой,0.06494163651128455
золотистый сухой,0.06494163651128455
сухой цветок,0.06494163651128455
трава ярка,0.06494163651128455
зелёный золотистый,0.06494163651128455
зеленоватый ярка,0.06494163651128455
послевкусие сухой,0.06494163651128455
жёлтый сухой,0.06494163651128455
живой цедра,0.06494163651128455
сухой фруктовый,0.06494163651128455
белых зелёный,0.06494163651128455
блеск структурировать,0.06494163651128455
белых трава,0.06494163651128455
жёлтый ярка,0.06494163651128455
сухой яблоко,0.06494163651128455
приятный трава,0.06494163651128455
зелёный ярка,0.06494163651128455
лёгкое цедра,0.06494163651128455
структурировать ярка,0.06494163651128455
белых фруктовый,0.06494163651128455
структурировать сухой,0.06494163651128455
живой трава,0.06494163651128455
фруктовый яблоко,0.06494163651128455
зелёный сухой,0.06494163651128455
живой ярка,0.06494163651128455
трава яблоко,0.06494163651128455
лёгкое трава,0.06494163651128455
белых кислинка,0.06494163651128455
блеск ярка,0.06494163651128455
зелёный фруктовый,0.06494163651128455
живой цветок,0.06494163651128455
вино освежать,0.06495163755785333
аромат цитрусовый,0.06647737010961832
вино золотистый,0.06647737010961832
танин тонкий,0.06683690561510208
аромат прекрасно,0.06683690561510208
красный тонкий,0.06683690561510208
комплексный тонкий,0.06683690561510208
приятный яблоко,0.06684767404780963
жёлтый приятный,0.06684767404780963
освежать яблоко,0.06684767404780963
зеленоватый яблоко,0.06684767404780963
послевкусие приятный,0.06684767404780963
светло яблоко,0.06684767404780963
аромат послевкусие,0.06961490110047715
белых послевкусие,0.07069752597900779
белых освежать,0.07069752597900779
сбалансированный цветок,0.07069752597900779
белых вино,0.07069752597900779
светло цветок,0.07069752597900779
белых жёлтый,0.07069752597900779
аромат раскрываться,0.07100092584018716
аромат танин,0.07151984973390779
аромат комплексный,0.07151984973390779
зелёный насыщенный,0.07192166402357959
дополнить раскрывать,0.07192166402357959
насыщенный раскрывать,0.07192166402357959
дополнить яблоко,0.07192166402357959
гармоничный жёлтый,0.07192166402357959
долг миндаль,0.07192166402357959
букет цитрусовый,0.07192166402357959
блеск раскрывать,0.07192166402357959
долг кислотность,0.07192166402357959
букет светло,0.07192166402357959
гармоничный раскрывать,0.07192166402357959
зеленоватый цитрусовый,0.07192166402357959
раскрывать светло,0.07192166402357959
гармоничный зеленоватый,0.07192166402357959
блеск миндаль,0.07192166402357959
букет грейпфрут,0.07192166402357959
зеленоватый миндаль,0.07192166402357959
грейпфрут насыщенный,0.07192166402357959
дополнить персик,0.07192166402357959
долг цитрусовый,0.07192166402357959
грейпфрут цитрусовый,0.07192166402357959
долг насыщенный,0.07192166402357959
блеск гармоничный,0.07192166402357959
грейпфрут долг,0.07192166402357959
блеск грейпфрут,0.07192166402357959
букет миндаль,0.07192166402357959
долг раскрывать,0.07192166402357959
букет раскрывать,0.07192166402357959
грейпфрут жёлтый,0.07192166402357959
зелёный миндаль,0.07192166402357959
раскрывать яблоко,0.07192166402357959
гармоничный персик,0.07192166402357959
гармоничный грейпфрут,0.07192166402357959
долг яблоко,0.07192166402357959
долг персик,0.07192166402357959
букет дополнить,0.07192166402357959
миндаль раскрывать,0.07192166402357959
букет долг,0.07192166402357959
грейпфрут послевкусие,0.07192166402357959
грейпфрут миндаль,0.07192166402357959
дополнить зелёный,0.07192166402357959
грейпфрут яблоко,0.07192166402357959
гармоничный светло,0.07192166402357959
долг зелёный,0.07192166402357959
персик яблоко,0.07192166402357959
миндаль цитрусовый,0.07192166402357959
дополнить миндаль,0.07192166402357959
жёлтый раскрывать,0.07192166402357959
персик цитрусовый,0.07192166402357959
освежать раскрывать,0.07192166402357959
букет зелёный,0.07192166402357959
кислотность персик,0.07192166402357959
зеленоватый раскрывать,0.07192166402357959
зеленоватый персик,0.07192166402357959
грейпфрут раскрывать,0.07192166402357959
дополнить светло,0.07192166402357959
кислотность миндаль,0.07192166402357959
букет жёлтый,0.07192166402357959
букет яблоко,0.07192166402357959
букет зеленоватый,0.07192166402357959
гармоничный цитрусовый,0.07192166402357959
букет персик,0.07192166402357959
блеск персик,0.07192166402357959
цитрусовый яблоко,0.07192166402357959
зелёный кислотность,0.07192166402357959
аромат грейпфрут,0.07192166402357959
дополнить зеленоватый,0.07192166402357959
грейпфрут освежать,0.07192166402357959
светло цитрусовый,0.07192166402357959
зелёный персик,0.07192166402357959
гармоничный яблоко,0.07192166402357959
гармоничный дополнить,0.07192166402357959
грейпфрут дополнить,0.07192166402357959
грейпфрут зелёный,0.07192166402357959
раскрывать цитрусовый,0.07192166402357959
кислотность раскрывать,0.07192166402357959
насыщенный персик,0.07192166402357959
зелёный цитрусовый,0.07192166402357959
грейпфрут светло,0.07192166402357959
грейпфрут персик,0.07192166402357959
послевкусие раскрывать,0.07192166402357959
долг дополнить,0.07192166402357959
гармоничный зелёный,0.07192166402357959
грейпфрут зеленоватый,0.07192166402357959
персик раскрывать,0.07192166402357959
зелёный светло,0.07192166402357959
блеск дополнить,0.07192166402357959
аромат раскрывать,0.07192166402357959
гармоничный миндаль,0.07192166402357959
грейпфрут кислотность,0.07192166402357959
миндаль насыщенный,0.07192166402357959
зелёный раскрывать,0.07192166402357959
блеск букет,0.07192166402357959
гармоничный долг,0.07192166402357959
миндаль яблоко,0.07192166402357959
освежать сочный,0.07395552692023795
зеленоватый приятный,0.07395552692023795
светло сочный,0.07395552692023795
зеленоватый сочный,0.07395552692023795
вино зеленоватый,0.07395552692023795
приятный светло,0.07395552692023795
послевкусие сочный,0.07395552692023795
освежать приятный,0.07395552692023795
вино приятный,0.07395552692023795
вино яблоко,0.07395552692023795
лёгкое освежать,0.07416583455299498
жёлтый лёгкое,0.07416583455299498
лёгкое послевкусие,0.07416583455299498
бриошь тон,0.07430298320718243
горчинка кислинка,0.07430298320718243
бриошь горчинка,0.07430298320718243
бриошь экзотический,0.07430298320718243
горчинка фрукт,0.07430298320718243
бриошь светло,0.07430298320718243
вино горчинка,0.07430298320718243
бриошь вино,0.07430298320718243
бриошь жёлтый,0.07430298320718243
горчинка тон,0.07430298320718243
горчинка светло,0.07430298320718243
бриошь послевкусие,0.07430298320718243
цедра экзотический,0.07430298320718243
золотистый экзотический,0.07430298320718243
фрукт цедра,0.07430298320718243
горчинка приятный,0.07430298320718243
бриошь кислинка,0.07430298320718243
горчинка сбалансированный,0.07430298320718243
горчинка золотистый,0.07430298320718243
вино цедра,0.07430298320718243
бриошь цедра,0.07430298320718243
горчинка послевкусие,0.07430298320718243
горчинка цедра,0.07430298320718243
аромат горчинка,0.07430298320718243
золотистый фрукт,0.07430298320718243
экзотический яблоко,0.07430298320718243
горчинка экзотический,0.07430298320718243
бриошь сбалансированный,0.07430298320718243
бриошь приятный,0.07430298320718243
горчинка жёлтый,0.07430298320718243
бриошь фрукт,0.07430298320718243
сбалансированный цедра,0.07430298320718243
аромат бриошь,0.07430298320718243
приятный экзотический,0.07430298320718243
бриошь яблоко,0.07430298320718243
бриошь золотистый,0.07430298320718243
горчинка яблоко,0.07430298320718243
вино цитрусовый,0.07471438938397264
аромат великолепный,0.07471438938397264
великолепный вино,0.07471438938397264
вино который,0.07471438938397264
вино красный,0.07471438938397264
блеск вино,0.07471438938397264
тонкий чернослив,0.075118473897391
богатый тонкий,0.075118473897391
аромат бархатистый,0.075118473897391
лакрица тонкий,0.075118473897391
который тон,0.075118473897391
дополнить тонкий,0.075118473897391
аромат который,0.075118473897391
кислотность тонкий,0.075118473897391
бархатистый тонкий,0.075118473897391
аромат зеленоватый,0.07591372456247229
вино фруктовый,0.07735384289670552
освежать тонкий,0.07735384289670552
жёлтый фруктовый,0.07735384289670552
освежать фруктовый,0.07735384289670552
аромат фрукт,0.07855039022869088
аромат глубокий,0.07855039022869088
вино груша,0.07945745260032273
пряный тонкий,0.07945745260032273
послевкусие пряный,0.07945745260032273
освежать персик,0.07945745260032273
груша послевкусие,0.07945745260032273
миндаль светло,0.07945745260032273
груша жёлтый,0.07945745260032273
миндаль освежать,0.07945745260032273
миндаль персик,0.07945745260032273
белых сбалансированный,0.07945745260032273
жёлтый персик,0.07945745260032273
груша сбалансированный,0.07945745260032273
персик послевкусие,0.07945745260032273
освежать пряный,0.07945745260032273
груша цветок,0.07945745260032273
белых светло,0.07945745260032273
жёлтый миндаль,0.07945745260032273
груша освежать,0.07945745260032273
миндаль послевкусие,0.07945745260032273
персик светло,0.07945745260032273
аромат вишня,0.08038166812091235
аромат лакрица,0.08038166812091235
аромат богатый,0.08038166812091235
аромат продолжительный,0.08038166812091235
аромат фиалка,0.08038166812091235
аромат специя,0.08038166812091235
аромат чернослив,0.08038166812091235
аромат красный,0.08056308679850545
вино лёгкое,0.08122219097726273
аромат золотистый,0.08255459980728111
аромат яблоко,0.08255459980728111
аромат блеск,0.08255459980728111
жёлтый сочный,0.08311914304528215
вино сочный,0.08311914304528215
лёгкое тонкий,0.08557880722431226
лёгкое фруктовый,0.08557880722431226
наслаждаться тон,0.08632381600587277
снова цитрусовый,0.08632381600587277
мускат снова,0.08632381600587277
аперитив тон,0.08632381600587277
летний снова,0.08632381600587277
вино хотеться,0.08632381600587277
тон хотеться,0.08632381600587277
наслаждаться снова,0.08632381600587277
аперитив вино,0.08632381600587277
делать тон,0.08632381600587277
аромат день,0.08632381600587277
вино мускат,0.08632381600587277
снова хотеться,0.08632381600587277
аперитив снова,0.08632381600587277
аромат хотеться,0.08632381600587277
белых снова,0.08632381600587277
бодрящий вино,0.08632381600587277
особенно тон,0.08632381600587277
бодрящий снова,0.08632381600587277
аромат наслаждаться,0.08632381600587277
который снова,0.08632381600587277
мускат тон,0.08632381600587277
великолепный снова,0.08632381600587277
аромат мускат,0.08632381600587277
бодрящий тон,0.08632381600587277
вино жаркое,0.08632381600587277
вино особенно,0.08632381600587277
вино делать,0.08632381600587277
день снова,0.08632381600587277
красный снова,0.08632381600587277
вино наслаждаться,0.08632381600587277
аперитив аромат,0.08632381600587277
типичный тон,0.08632381600587277
жаркое тон,0.08632381600587277
вино летний,0.08632381600587277
снова типичный,0.08632381600587277
вино день,0.08632381600587277
снова цветок,0.08632381600587277
насыщенный снова,0.08632381600587277
летний тон,0.08632381600587277
аромат типичный,0.08632381600587277
кислотность снова,0.08632381600587277
аромат летний,0.08632381600587277
жаркое снова,0.08632381600587277
делать снова,0.08632381600587277
особенно снова,0.08632381600587277
день тон,0.08632381600587277
аромат бодрящий,0.08632381600587277
блеск снова,0.08632381600587277
аромат жаркое,0.08632381600587277
золотистый снова,0.08632381600587277
аромат особенно,0.08632381600587277
вино типичный,0.08632381600587277
аромат делать,0.08632381600587277
ежевика чёрный,0.08679068881946002
тонкий ягодный,0.08679068881946002
перец тонкий,0.08679068881946002
искриться чёрный,0.08679068881946002
аромат нота,0.08679068881946002
прекрасно чёрный,0.08679068881946002
нота чёрный,0.08679068881946002
ежевика тон,0.08679068881946002
аромат ежевика,0.08679068881946002
искриться тон,0.08679068881946002
искриться тонкий,0.08679068881946002
вино чёрный,0.08679068881946002
дополнить чёрный,0.08679068881946002
ежевика тонкий,0.08679068881946002
нота тонкий,0.08679068881946002
красный чёрный,0.08679068881946002
смородина тонкий,0.08679068881946002
кислотность чёрный,0.08679068881946002
чёрный ягодный,0.08679068881946002
насыщенный чёрный,0.08679068881946002
прекрасно тонкий,0.08679068881946002
аромат искриться,0.08679068881946002
который чёрный,0.08679068881946002
который тонкий,0.08679068881946002
аромат перец,0.08679068881946002
бархатистый чёрный,0.08679068881946002
чернослив чёрный,0.08679068881946002
перец тон,0.08679068881946002
богатый чёрный,0.08679068881946002
лакрица чёрный,0.08679068881946002
нота тон,0.08679068881946002
сбалансированный чёрный,0.08679068881946002
аромат ягодный,0.08679068881946002
танин чёрный,0.08679068881946002
перец чёрный,0.08679068881946002
тон ягодный,0.08679068881946002
послевкусие чёрный,0.08679068881946002
фруктовый чёрный,0.08679068881946002
комплексный чёрный,0.08679068881946002
смородина чёрный,0.08679068881946002
послевкусие тонкий,0.08685669940547174
насыщенный послевкусие,0.08685669940547174
аромат долг,0.08828334261917911
аромат экзотический,0.08828334261917911
аромат яркий,0.08828334261917911
красный насыщенный,0.08854472733306235
лёгкое цветок,0.08985847326630333
зеленоватый лёгкое,0.08985847326630333
лёгкое яблоко,0.08985847326630333
лёгкое приятный,0.08985847326630333
аромат трава,0.0904090881200461
аромат кислинка,0.0904090881200461
аромат приятный,0.0904090881200461
груша светло,0.09180387573423694
послевкусие элегантный,0.09180387573423694
белых пряный,0.09180387573423694
персик сбалансированный,0.09180387573423694
тонкий цветок,0.09180387573423694
миндаль сбалансированный,0.09180387573423694
миндаль тонкий,0.09180387573423694
груша элегантный,0.09180387573423694
белых элегантный,0.09180387573423694
пряный сбалансированный,0.09180387573423694
пряный элегантный,0.09180387573423694
миндаль цветок,0.09180387573423694
вино пряный,0.09180387573423694
пряный светло,0.09180387573423694
цветок элегантный,0.09180387573423694
белых тонкий,0.09180387573423694
персик элегантный,0.09180387573423694
персик цветок,0.09180387573423694
белых персик,0.09180387573423694
белых груша,0.09180387573423694
миндаль элегантный,0.09180387573423694
груша пряный,0.09180387573423694
жёлтый пряный,0.09180387573423694
сбалансированный элегантный,0.09180387573423694
груша персик,0.09180387573423694
светло элегантный,0.09180387573423694
белых миндаль,0.09180387573423694
вино персик,0.09180387573423694
миндаль пряный,0.09180387573423694
персик тонкий,0.09180387573423694
груша тонкий,0.09180387573423694
персик пряный,0.09180387573423694
пряный цветок,0.09180387573423694
груша миндаль,0.09180387573423694
вино миндаль,0.09180387573423694
аромат ощутимый,0.09287169963277855
аромат шоколад,0.09287169963277855
вино тонкий,0.09445485781822256
сочный яблоко,0.09603453457850161
послевкусие хлебный,0.09603453457850161
жёлтый хлебный,0.09603453457850161
хлебный яблоко,0.09603453457850161
корочка сочный,0.09603453457850161
корочка хлебный,0.09603453457850161
зеленоватый хлебный,0.09603453457850161
зеленоватый корочка,0.09603453457850161
корочка светло,0.09603453457850161
сочный тонкий,0.09603453457850161
жёлтый корочка,0.09603453457850161
сочный хлебный,0.09603453457850161
аромат корочка,0.09603453457850161
корочка яблоко,0.09603453457850161
светло хлебный,0.09603453457850161
лёгкое хлебный,0.09603453457850161
приятный хлебный,0.09603453457850161
корочка приятный,0.09603453457850161
освежать хлебный,0.09603453457850161
аромат хлебный,0.09603453457850161
приятный сочный,0.09603453457850161
корочка тонкий,0.09603453457850161
корочка лёгкое,0.09603453457850161
корочка освежать,0.09603453457850161
вино корочка,0.09603453457850161
корочка послевкусие,0.09603453457850161
вино хлебный,0.09603453457850161
тонкий хлебный,0.09603453457850161
зеленоватый тонкий,0.09603453457850161
лёгкое сочный,0.09603453457850161
вино элегантный,0.09618263050162511
освежать элегантный,0.09618263050162511
тонкий элегантный,0.09618263050162511
тонкий фруктовый,0.09618263050162511
жёлтый элегантный,0.09618263050162511
аромат освежать,0.09658336515191082
блеск тон,0.09724884644727638
аромат сочный,0.09760931060731978
блеск насыщенный,0.09760931060731978
насыщенный освежать,0.09760931060731978
аромат светло,0.09918235244755721
тон цедра,0.10002220489398343
аромат цедра,0.10002220489398343
кислотность лёгкое,0.10099257762449457
лёгкое сбалансированный,0.10099257762449457
белых лёгкое,0.10099257762449457
лёгкое прекрасно,0.10099257762449457
лёгкое светло,0.10099257762449457
лёгкое раскрываться,0.10099257762449457
аромат бокал,0.10200116854968572
аромат черносмородиновый,0.10200116854968572
аромат лист,0.10200116854968572
аромат свежескошенный,0.10200116854968572
абрикос аромат,0.10200116854968572
жёлтый тонкий,0.10344157180568077
аромат вино,0.10360954022469623
аромат жёлтый,0.10360954022469623
золотистый тон,0.10379770734480578
тон трава,0.10650138876028073
кислинка тон,0.10650138876028073
дополнить насыщенный,0.10727977460086169
насыщенный танин,0.10727977460086169
комплексный насыщенный,0.10727977460086169
аромат сбалансированный,0.10731442123490839
аромат цветок,0.10731442123490839
послевкусие тон,0.10923451608295506
насыщенный трава,0.10970379887457754
зеленоватый насыщенный,0.10970379887457754
насыщенный цветок,0.10970379887457754
насыщенный смородина,0.10970379887457754
смородина тон,0.10970379887457754
аромат смородина,0.10970379887457754
жёлтый золотисто,0.11112788000866963
минеральный элегантный,0.11112788000866963
лёгкое минеральный,0.11112788000866963
жёлтый минеральный,0.11112788000866963
минеральный освежать,0.11112788000866963
золотисто цветочный,0.11112788000866963
фруктовый элегантный,0.11112788000866963
минеральный тонкий,0.11112788000866963
золотисто освежать,0.11112788000866963
минеральный цветочный,0.11112788000866963
золотисто элегантный,0.11112788000866963
лёгкое цветочный,0.11112788000866963
золотисто лёгкое,0.11112788000866963
вино минеральный,0.11112788000866963
золотисто тонкий,0.11112788000866963
минеральный фруктовый,0.11112788000866963
вино золотисто,0.11112788000866963
золотисто минеральный,0.11112788000866963
освежать цветочный,0.11112788000866963
золотисто фруктовый,0.11112788000866963
цветочный элегантный,0.11112788000866963
тонкий цветочный,0.11112788000866963
лёгкое элегантный,0.11112788000866963
жёлтый цветочный,0.11112788000866963
вино цветочный,0.11112788000866963
фруктовый цветочный,0.11112788000866963
аромат зелёный,0.11241566793586681
золотистый насыщенный,0.11444042081217957
сбалансированный тонкий,0.11444042081217957
насыщенный светло,0.11444042081217957
светло тонкий,0.11444042081217957
вино насыщенный,0.11444042081217957
лёгкое тропический,0.11668521633780289
лёгкое устойчивый,0.11668521633780289
лёгкое фрукт,0.11668521633780289
красный тон,0.11805963644408313
аромат тонкий,0.1200594688799097
насыщенный фиалка,0.12057250218136852
насыщенный продолжительный,0.12057250218136852
богатый насыщенный,0.12057250218136852
лакрица насыщенный,0.12057250218136852
вишня насыщенный,0.12057250218136852
насыщенный чернослив,0.12057250218136852
насыщенный специя,0.12057250218136852
зелёный тон,0.12449827775536261
освежать тон,0.12519817510689865
глубокий тон,0.12576010998544288
тон цитрусовый,0.12576010998544288
аромат крыжовник,0.12675002268339186
мятый насыщенный,0.12675002268339186
мятый тон,0.12675002268339186
крыжовник насыщенный,0.12675002268339186
скосить тон,0.12675002268339186
аромат скосить,0.12675002268339186
лайм насыщенный,0.12675002268339186
насыщенный скосить,0.12675002268339186
крыжовник тон,0.12675002268339186
лайм тон,0.12675002268339186
аромат лайм,0.12675002268339186
аромат мятый,0.12675002268339186
насыщенный сочный,0.12675002268339186
аромат белых,0.127805598024561
насыщенный яблоко,0.12862040342040784
приятный тонкий,0.12862040342040784
насыщенный сбалансированный,0.12862040342040784
тонкий яблоко,0.12862040342040784
кислинка насыщенный,0.12862040342040784
насыщенный цедра,0.12862040342040784
жёлтый насыщенный,0.12862040342040784
дополнить тон,0.1292921787472868
букет тон,0.12949948277424955
гармоничный тон,0.12949948277424955
бархатистый тон,0.12949948277424955
сухой тон,0.1298832730225691
тон ярка,0.1298832730225691
аромат сухой,0.1298832730225691
аромат ярка,0.1298832730225691
структурировать тон,0.1298832730225691
аромат структурировать,0.1298832730225691
аромат живой,0.1298832730225691
живой тон,0.1298832730225691
аромат лёгкое,0.12990327511570665
тон экзотический,0.13242501392876865
долг тон,0.13242501392876865
вино тон,0.1343059991686378
жёлтый тон,0.1343059991686378
тон цветок,0.1363995404095068
кислотность тон,0.1363995404095068
сбалансированный тон,0.1363995404095068
лёгкое насыщенный,0.13930754944916782
насыщенный ощутимый,0.13930754944916782
насыщенный шоколад,0.13930754944916782
тон фруктовый,0.14126711543453543
аромат фруктовый,0.14126711543453543
тон яркий,0.14134268264418187
великолепный тон,0.14134268264418187
танин тон,0.14303969946781558
комплексный тон,0.14303969946781558
раскрывать тон,0.14384332804715919
грейпфрут тон,0.14384332804715919
аромат тон,0.14743808242121434
тонкий экзотический,0.14860596641436485
горчинка насыщенный,0.14860596641436485
бриошь тонкий,0.14860596641436485
золотистый тонкий,0.14860596641436485
насыщенный экзотический,0.14860596641436485
тонкий фрукт,0.14860596641436485
насыщенный приятный,0.14860596641436485
тонкий цедра,0.14860596641436485
кислинка тонкий,0.14860596641436485
горчинка тонкий,0.14860596641436485
бриошь насыщенный,0.14860596641436485
насыщенный фрукт,0.14860596641436485
сырой тон,0.149621640704435
малин тон,0.149621640704435
мясо тон,0.149621640704435
переспелый тон,0.149621640704435
среднетелый тон,0.149621640704435
аромат насыщенный,0.15050399950511098
свежескошенный тон,0.15300175282452858
абрикос тон,0.15300175282452858
тон черносмородиновый,0.15300175282452858
бокал тон,0.15300175282452858
лист тон,0.15300175282452858
тон тонкий,0.15562955778592275
светло тон,0.15562955778592275
груша тон,0.15891490520064547
персик тон,0.15891490520064547
аромат груша,0.15891490520064547
пряный тон,0.15891490520064547
миндаль тон,0.15891490520064547
аромат пряный,0.15891490520064547
аромат миндаль,0.15891490520064547
аромат персик,0.15891490520064547
лакрица тон,0.1607633362418247
богатый тон,0.1607633362418247
тон фиалка,0.1607633362418247
специя тон,0.1607633362418247
тон чернослив,0.1607633362418247
вишня тон,0.1607633362418247
продолжительный тон,0.1607633362418247
раскрываться тон,0.16244438195452546
белых тон,0.16244438195452546
тон цукат,0.1633050852848189
бледно тон,0.1633050852848189
прованский тон,0.1633050852848189
вкус тон,0.1633050852848189
слышный тон,0.1633050852848189
мёд тон,0.1633050852848189
анисовый тон,0.1633050852848189
блик тон,0.1633050852848189
ментоловый тон,0.1633050852848189
зеленоватый тон,0.16838979423957362
снова тон,0.17264763201174554
аромат снова,0.17264763201174554
вино снова,0.17264763201174554
тон чёрный,0.17358137763892004
аромат чёрный,0.17358137763892004
тонкий чёрный,0.17358137763892004
прекрасно тон,0.17971694653260667
тон фрукт,0.17971694653260667
тон яблоко,0.18312040616105535
тон шоколад,0.1857433992655571
ощутимый тон,0.1857433992655571
тон элегантный,0.19236526100325022
аромат элегантный,0.19236526100325022
приятный тон,0.2005430221434289
насыщенный тонкий,0.20688314361136154
сочный тон,0.22186658076071383
аромат минеральный,0.22225576001733927
золотисто тон,0.22225576001733927
аромат цветочный,0.22225576001733927
тон цветочный,0.22225576001733927
аромат золотисто,0.22225576001733927
минеральный тон,0.22225576001733927
тон тропический,0.23337043267560578
тон устойчивый,0.23337043267560578
лёгкое тон,0.2727990808190136
тон хлебный,0.2881036037355048
корочка тон,0.2881036037355048
насыщенный тон,0.30100799901022196
