рислинг свинина,0.2213371069033504
кислотность свой кислотность,0.2213371069033504
рулька шейк,0.2213371069033504
рыба рыба,0.2213371069033504
колбаса улитка,0.2213371069033504
кухня местный кухня,0.2213371069033504
кухня улитка,0.2213371069033504
вино вино,0.2213371069033504
колбаса шукрут,0.2213371069033504
блюдо эльзас,0.2213371069033504
вино суши,0.2213371069033504
пирог шейк,0.2213371069033504
вино кислотность,0.2213371069033504
рислинг свой кислотность,0.2213371069033504
суши эльзас,0.2213371069033504
блюдо местный кухня,0.2213371069033504
poulet курочка,0.2294992766374728
blanquette телятина,0.2294992766374728
poulet японский кухня,0.2294992766374728
blanquette рататуй,0.2294992766374728
кухня прованский кухня,0.2294992766374728
рататуй сельдь,0.2294992766374728
блюдо прованский кухня,0.2294992766374728
курочка сельдь,0.2294992766374728
красный рыба кухня,0.2294992766374728
бланкетта кухня,0.2294992766374728
бланкетта телятина,0.2294992766374728
ананас стружка,0.2784474790942966
мороженое шарик,0.2784474790942966
кебаб креветка,0.2784474790942966
манго сироп,0.2784474790942966
манго мороженое,0.2784474790942966
стружка шарик,0.2784474790942966
карри яблоко,0.2784474790942966
карри филе,0.2784474790942966
креветка яблоко,0.2784474790942966
маракуйя сироп,0.2784474790942966
индейка филе,0.2784474790942966
ананас индейка,0.2784474790942966
джим михан,0.28867513459481287
black вид,0.28867513459481287
отдых сопровождение,0.28867513459481287
коктейль состав,0.28867513459481287
вид сопровождение,0.28867513459481287
общение отдых,0.28867513459481287
сочетание шоколад,0.28867513459481287
михан сочетание,0.28867513459481287
общение состав,0.28867513459481287
коктейль миксолог,0.28867513459481287
black noval,0.28867513459481287
джим миксолог,0.28867513459481287
сыр температура,0.3023781270434075
трава фрукт,0.3023781270434075
риккот сладость,0.3023781270434075
изделие фрукт,0.3023781270434075
изделие сладость,0.3023781270434075
десерт температура,0.3023781270434075
риккот творог,0.3023781270434075
утка чернослив,0.30388932949274355
бекон оленина,0.30388932949274355
крыжовник перец,0.30388932949274355
крыжовник соус,0.30388932949274355
заяц королевск,0.30388932949274355
заяц чернослив,0.30388932949274355
егерьск оленина,0.30388932949274355
королевск свинина,0.30388932949274355
бекон свинина,0.30388932949274355
егерьск перец,0.30388932949274355
гребешок пряность,0.3048488053364603
боб рагу,0.3048488053364603
карпаччо утка,0.3048488053364603
гребешок суп,0.3048488053364603
боб птица,0.3048488053364603
вино рагу,0.3048488053364603
мясо утка,0.3048488053364603
курица пряность,0.3048488053364603
дополнение паста,0.3064809512588008
спаржа улитка,0.3064809512588008
салат цезарь,0.3064809512588008
карри соус,0.3064809512588008
блюдо цезарь,0.3064809512588008
выпечка фрукт,0.3067510276083075
выпечка цедра,0.3067510276083075
вино пикантный сыр,0.3067510276083075
икра салат,0.3067510276083075
салат цедра,0.3067510276083075
копчёный рыба тунец,0.3067510276083075
икра тунец,0.3067510276083075
говядина ягнятина,0.30680919540397816
голень карпаччо,0.30680919540397816
кухня стинк,0.30680919540397816
лосось сорт,0.30770677397037194
брускетта томат,0.30770677397037194
треск тунец,0.30770677397037194
брускетта салями,0.30770677397037194
масло томат,0.30770677397037194
масло паста,0.30770677397037194
салями сочетание,0.30770677397037194
лосось тунец,0.30770677397037194
кухня утка,0.3124041227504341
плесень салат,0.3124041227504341
салат фрукт,0.3124041227504341
лосось свинина,0.3124041227504341
лосось сочетание,0.3124041227504341
рулька шукрут,0.3124822761048535
блюдо кебаб,0.3124956015425894
копчёный рыба рыба,0.31451084644423577
рыба стракотто,0.31481464851527724
говядина приправа,0.31481464851527724
паста салями,0.31481464851527724
лук приправа,0.31481464851527724
время говядина,0.31481464851527724
стракотто тосканск,0.31481464851527724
время тосканск,0.31481464851527724
caberlo сыр,0.31489344427683713
кухня свинина,0.3167217520246727
креветка сладкое,0.3167217520246727
закуска тара,0.3171853105842874
гриль тунец,0.3171853105842874
вырезка говядина,0.3171853105842874
карпаччо тара,0.3171853105842874
вырезка тунец,0.3171853105842874
гриль грудка,0.3171853105842874
тара тара,0.3171853105842874
грудка прожарка,0.3171853105842874
bistecca блюдо,0.31872555325073215
toscana рулька,0.31872555325073215
bistecca fiorentina,0.31872555325073215
колбаса тосканск,0.31872555325073215
ossibuchi toscana,0.31872555325073215
ossibuchi бифштекс,0.31872555325073215
рулька тосканск,0.31872555325073215
fiorentina бифштекс,0.31872555325073215
каперс ризотто,0.31963740469366136
дичь фрукт,0.31963740469366136
каперс сочетание,0.31963740469366136
соус тартар,0.31963740469366136
сочетание сёмга,0.31963740469366136
сёмга тартар,0.31963740469366136
гра птица,0.3198878777645443
сопровождение сочетание,0.3198878777645443
дыня сочетание,0.3198878777645443
дыня фуа,0.3198878777645443
блюдо гастрономия,0.3210847010117174
сёмга телятина,0.3210847010117174
гусь эльзас,0.3210847010117174
гусь рулька,0.3210847010117174
блюдо шукрут,0.3210847010117174
рыба сёмга,0.3210847010117174
птица эльзас,0.3210847010117174
бургундский кухня кухня,0.3244569954932112
брюла торт,0.325665311481028
гра телятина,0.325665311481028
дичь сладкое,0.325665311481028
крем сыр,0.325665311481028
сопровождение фуа,0.325665311481028
кислотность количество,0.3272346063456726
говядина тартар,0.3272346063456726
пицца соус,0.3272346063456726
закуска тартар,0.3272346063456726
высокий кислотность кислотность,0.3272346063456726
гриб фазан,0.32732504523447853
васаби терияк,0.32732504523447853
сочетание стейкома,0.32732504523447853
соус терияк,0.32732504523447853
лосось утка,0.32732504523447853
пряность сочетание,0.32732504523447853
васаби фазан,0.32732504523447853
омар рыба,0.328074247307406
вино высокий кухня,0.328074247307406
аккомпанемент блюдо,0.328842312979925
блюдо паэлье,0.328842312979925
салат фрая,0.328842312979925
гриль паэлье,0.328842312979925
стир фрая,0.328842312979925
блюдо стир,0.328842312979925
баранина специя,0.32981473021443114
стейками хвост,0.32981473021443114
мясо хвост,0.32981473021443114
баранина кухня,0.32981473021443114
специя сувлак,0.32981473021443114
кебаб сувлак,0.32981473021443114
утка фуа,0.3327113776982853
рыба сорт,0.33366007558457017
беф кухня,0.3337228681042137
вина мясо,0.3337228681042137
блюдо бургундский кухня,0.3337228681042137
кролик петух,0.3337228681042137
беф дичь,0.3337228681042137
карпаччо трюфель,0.33585664717996017
ростбиф холодное,0.33602654434218876
вид гриль,0.33602654434218876
рагу холодное,0.33602654434218876
овечий сыр ростбиф,0.33602654434218876
вид рагу,0.33602654434218876
лосось форель,0.33811951843235755
свинина эльзас,0.33811951843235755
гриль эльзас,0.33811951843235755
угорь форель,0.33811951843235755
рыба угорь,0.33811951843235755
рыба хороший рыба,0.3392647248894903
карпаччо цыплёнок,0.3392647248894903
карпаччо сибас,0.3392647248894903
основа телятина,0.3392647248894903
масло можжевельник,0.3392647248894903
можжевельник сибас,0.3392647248894903
жаркое трава,0.3397468597296855
каре филе,0.3397468597296855
трава филе,0.3397468597296855
тандурь ягнёнок,0.3397468597296855
вино холодное,0.34073045120294504
сибас соус,0.34073045120294504
лосось сибас,0.34073045120294504
артишок креветка,0.34073045120294504
блюдо креветка,0.34073045120294504
апельсин соус,0.34073045120294504
колбаса паста,0.3424633654640873
большинство горячее,0.3424633654640873
майоран рыба,0.34276680090863304
вырезка лангуст,0.34276680090863304
лангуст майоран,0.34276680090863304
мюнстер эльзас,0.34276680090863304
мюнстер сыр,0.34276680090863304
вырезка кухня,0.34276680090863304
соус шпинат,0.3427997846626964
грудка курочка,0.3427997846626964
пара скат,0.3427997846626964
скат шпинат,0.3427997846626964
курочка яблоко,0.3427997846626964
вителло голень,0.34686954337181225
вителло стинк,0.34686954337181225
аперитив вино,0.34919261905864146
соус черта,0.34983286353181936
мясо шафран,0.34983286353181936
десерт птица,0.34983286353181936
черта шафран,0.34983286353181936
голубой десерт,0.34983286353181936
выпечка сыр,0.34983286353181936
вечер мочь,0.3507028260913487
голубой дижестив,0.3507028260913487
вечер качество,0.3507028260913487
гра лобстер,0.3511509049508218
морепродукт утка,0.3511509049508218
соус фуа,0.351152582985938
гра соус,0.351152582985938
блюдо козий сыр,0.3514876795819021
лук лёгкое,0.3516282976455309
ассорти салат,0.3516282976455309
пирог тунец,0.3516282976455309
лук тунец,0.3516282976455309
аперитив пара,0.3516282976455309
котлета соус,0.352152181563598
сыр чеддер,0.352152181563598
блюдо сорт,0.352152181563598
гриб котлета,0.352152181563598
мидия моллюск,0.3525508542040874
рецепт рыба,0.3525508542040874
рыба тартар,0.3525508542040874
блюдо рецепт,0.3525508542040874
карпаччо почка,0.35373767574900017
паста почка,0.35373767574900017
качество морепродукт,0.3549491075728377
антрекот дичь,0.35741978085719756
дичь магра,0.35741978085719756
голень трюфель,0.35741978085719756
кролик магра,0.35741978085719756
антрекот блюдо,0.35741978085719756
мягкий сыр ризотто,0.3603640787333028
гриб лесной,0.36076469824586055
говядина лесной,0.36076469824586055
пара стейка,0.36076469824586055
дичь шедевр,0.36076469824586055
сопровождение шедевр,0.36076469824586055
дичь пара,0.36076469824586055
карпаччо кухня,0.3610676359517191
равиоли сыр,0.36243069652557686
мясо равиоли,0.36243069652557686
начинка паста,0.36457265566985314
начинка пирог,0.36457265566985314
говядина индейка,0.3650753875973642
стейками ягнёнок,0.3650753875973642
индейка соус,0.3650753875973642
тунец ягнёнок,0.3650753875973642
карпаччо овощ,0.3650753875973642
кулебяка осетрина,0.3651561678732433
колбаска пирог,0.3651561678732433
кухня солянка,0.3651561678732433
колбаска солянка,0.3651561678732433
капуста пирог,0.3651561678732433
капуста осетрина,0.3651561678732433
суп телятина,0.36556422837101854
сливочный сыр цыплёнок,0.36556422837101854
пармезан перец,0.3657428598598881
краб соус,0.3657428598598881
перец сладкое,0.3657428598598881
приправа соус,0.3665736002801862
вино вкус,0.3665736002801862
мясо приправа,0.3665736002801862
моллюск соус,0.3665736002801862
bufala моцарелла,0.3682591720664205
моцарелла мясо,0.3682591720664205
блюдо сырой рыба,0.3682591720664205
рыба сырой рыба,0.3682591720664205
блюдо форель,0.36937497919636264
моллюск овощ,0.36937497919636264
речной рыба форель,0.36937497919636264
crottin шавиньоль,0.3697705690426977
манго соус,0.3697705690426977
сыр шавиньоль,0.3697705690426977
chavignol crottin,0.3697705690426977
chavignol гребешок,0.3697705690426977
мясо фуа,0.37137458180263117
гра паштет,0.37137458180263117
индейка трава,0.37230470188602793
индейка цыплёнок,0.37230470188602793
имбирь специя,0.37230470188602793
имбирь соус,0.37230470188602793
качество кухня,0.37258297416908026
лосось фуа,0.37258297416908026
печень телятина,0.3728778747095469
паштет печень,0.3728778747095469
мягкий сыр телятина,0.3728778747095469
дополнение салат,0.3750992324283833
рыба щука,0.3756019462268857
белые щука,0.3756019462268857
омар специя,0.3778879269650179
паштет телятина,0.3778879269650179
омар соус,0.3778879269650179
лангустин специя,0.3778879269650179
лангустин рулет,0.3778879269650179
паштет рулет,0.3778879269650179
качество краб,0.3780953751500544
свинин сопровождение,0.3780953751500544
жирный рыба морепродукт,0.3780953751500544
великое сопровождение,0.3788014470755956
ризотто ягнёнок,0.37894029301212306
аросто ягнёнок,0.37894029301212306
бразато кухня,0.37894029301212306
аросто бразато,0.37894029301212306
блюдо основа,0.3792277914313106
сочетание холодное,0.3792277914313106
гра сыр,0.3792277914313106
икра ризотто,0.38033617375634643
лещ суп,0.38033617375634643
дополнение суп,0.38033617375634643
икра лосось,0.38033617375634643
лещ лосось,0.38033617375634643
блюдо вкус,0.38063227825229096
пармезан салат,0.38071347657720633
мидия мясо,0.38071347657720633
стинк трюфель,0.3810787235171653
горячее холодное,0.3816730848380322
лангустин лобстер,0.3829764432240335
блюдо лангустин,0.3829764432240335
rigotte молоко,0.3841399066305321
лобстер сыр,0.3841399066305321
молоко сыр,0.3841399066305321
condrieu rigotte,0.3841399066305321
краб лобстер,0.3841399066305321
краб рыба,0.3841399066305321
десерт сочетание,0.3841873304545982
курица сочетание,0.38437635264796793
курица мёд,0.38437635264796793
соус сочетание,0.38437635264796793
сыр сэн,0.38437635264796793
мёд розмарин,0.38437635264796793
вкус дичь,0.38572904627560145
сопровождение ягнёнок,0.3882219682053928
бел вина,0.3886169592900857
вина устрица,0.3886169592900857
мясо устрица,0.3886169592900857
вкус сопровождение,0.38864790920082487
блюдо тайский кухня,0.3923540086633108
кухня тайский кухня,0.3923540086633108
гребешок соус,0.39410857140818917
аккомпанемент качество,0.3941883234013856
креветка осьминог,0.3947454798187724
кальмар осьминог,0.3947454798187724
гриль морской рыба,0.3947454798187724
изыск пьемонтский кухня,0.39522381230741593
дичь изыск,0.39522381230741593
медитация ризотто,0.39522381230741593
рис соус,0.3974734445613881
сопровождение соус,0.3974734445613881
вкус паста,0.3974734445613881
говядина гуляш,0.39808706196178745
китайский кухня кухня,0.3980948474113519
блюдо китайский кухня,0.3980948474113519
соус соус,0.39843421057060224
закуска паштет,0.3988152658365661
закуска суши,0.3988152658365661
блюдо множество,0.3988152658365661
паштет рыба,0.3988152658365661
блюдо тапас,0.3988152658365661
суши тапас,0.3988152658365661
лёгкое мясо,0.39937541117992553
лёгкое соус,0.39937541117992553
бела блюдо,0.3998865291350916
основа фуа,0.4002453509851596
кухня суши,0.4005606047677366
блюдо овощ,0.4011091477559719
пара сыр,0.4014314173208654
stilton сыр,0.4014314173208654
пара плесень,0.4014314173208654
овощ устрица,0.4023485292762136
ризотто устрица,0.4023485292762136
барбекю блюдо,0.40325595529348196
мороженое сопровождение,0.4037005782730686
печение пирог,0.4037005782730686
печение сочетание,0.4037005782730686
сопровождение сыр,0.4037005782730686
мороженое пирог,0.4037005782730686
bufala mozzarella,0.40383236581359117
лапка сыр,0.4044615501852498
bourguignonne бургиньон,0.4044615501852498
козий сыр моллюск,0.40473951262640673
рыба суши,0.40521947970325367
прекрасный сыр сыр,0.40521947970325367
мясо пара,0.40556362043272054
бланманже груша,0.4069129830294785
груша пирог,0.4069129830294785
бланманже десерт,0.4069129830294785
сыр фуа,0.4069129830294785
барабулька лосось,0.4070538342889438
грудка карпаччо,0.4070538342889438
карпаччо лосось,0.4070538342889438
грудка салат,0.4070538342889438
десерт сухофрукты,0.40788452748895176
печень пирог,0.40788452748895176
орех печень,0.40788452748895176
кабан сыр,0.4089536212548631
мясо омар,0.4095088366248102
колбаса плесень,0.4097461991351804
сыр число,0.4097461991351804
плесень число,0.4097461991351804
копчёность сыр,0.41032327216387166
аккомпанемент холодное,0.41032327216387166
дичь копчёность,0.41032327216387166
гриль салями,0.41037883316448437
краб мясо,0.4117638456583268
суши сыр,0.4118594623192041
морепродукт суши,0.4118594623192041
гра десерт,0.4139225994945888
гриль устрица,0.4141110738812955
свинина сладкое,0.414568998869916
блюдо гриб,0.41524755836437627
белые соус,0.4160734787237236
дичь образец,0.416437153643585
блюдо твёрдый сыр,0.416437153643585
медитация образец,0.416437153643585
розмарин сыр,0.4165472950664673
жаркое сочетание,0.41686926938849717
кролик рулет,0.41686926938849717
моллюск рыба,0.4180111101211172
закуска колбаса,0.4187963516849258
качество птица,0.4187963516849258
закуска сопровождение,0.4187963516849258
белые кухня,0.41909680368541224
морепродукт спаржа,0.41909680368541224
дичь кролик,0.4192335634990757
гра фуа,0.4195648687518084
карпаччо сыр,0.4197285391342246
карпаччо прожарка,0.4197285391342246
лёгкое суп,0.4204214091143336
вариант презунто,0.42113805241496166
вариант хамон,0.42113805241496166
жаркое презунто,0.42113805241496166
плесень сыр,0.4232827208336383
вина петух,0.4234973102424362
горький шоколад,0.4248441385300345
голубь особенность,0.4258791784796923
бордель филе,0.4258791784796923
бордель сыр,0.4258791784796923
голубь филе,0.4258791784796923
дичь особенность,0.4258791784796923
нежный рыба рыба,0.42600168104856145
козий сыр трюфель,0.42600168104856145
mozzarella моцарелла,0.4262135598875393
вид сыр,0.4262135598875393
вид моцарелла,0.4262135598875393
сыр фрукт,0.42679096589108495
большинство пара,0.4274112311471363
мясо строгановск,0.4276694063052589
говядина фасоль,0.4276694063052589
баклажан фасоль,0.4276694063052589
говядина строгановск,0.4276694063052589
баклажан блюдо,0.4276694063052589
гриб паста,0.4280407640860049
гриб овощ,0.4280407640860049
овощ сопровождение,0.43005961805328335
курица сопровождение,0.43005961805328335
гриль салат,0.43005961805328335
телятина цыплёнок,0.43039952315141783
карпаччо тунец,0.4306285786905434
лосось рыба,0.4318122571859549
блюдо лосось,0.4318122571859549
портвейн сикс,0.43200540792113845
грейпс сикс,0.43200540792113845
грейпс сочетание,0.43200540792113845
вино дополнение,0.43236642007654397
лобстер рак,0.43267156360748094
дичь пряность,0.43310765097939485
бри сыр,0.43334702397418856
гриль филе,0.43339545473712804
говядина филе,0.43339545473712804
белые гра,0.4338143594045453
мясо тальятелла,0.4338261024109617
крем тальятелла,0.4338261024109617
краб шейка,0.4338261024109617
горький десерт,0.43496833505802274
тарелка шоколад,0.43496833505802274
кальмар мясо,0.43497684411500226
пирог рулька,0.43497684411500226
кляр пирог,0.43497684411500226
кальмар кляр,0.43497684411500226
белые салат,0.43497684411500226
гребешок сочетание,0.4358282051251216
овощ тунец,0.4358457295568249
овощ ягнёнок,0.4358457295568249
креветка сыр,0.4359797112958065
белые цыплёнок,0.4359797112958065
гриль различный сыр,0.43603351300861576
овощ пара,0.43603351300861576
полутвёрдый сыр телятина,0.4368996558308694
рыба сочетание,0.4368996558308694
гуляш тунец,0.4373474475344337
курица тунец,0.4373474475344337
говядина хамон,0.4373474475344337
блюдо сладкое,0.4373560008053644
барбекю сладкое,0.4373560008053644
десерт трубочка,0.43744510590293956
рикотт стружка,0.43744510590293956
сыр трубочка,0.43744510590293956
рикотт сыр,0.43744510590293956
дичь специя,0.4376698913232278
гребешок гриль,0.4379588262194415
белые гребешок,0.4379588262194415
гриб рыба,0.4382614051464745
свинин стейка,0.4382614051464745
аперитив стейка,0.4382614051464745
барбекю мочь,0.4393339427408344
любой мясо,0.4393339427408344
деликатный сыр мочь,0.4393339427408344
деликатный сыр сыр,0.4393339427408344
барбекю гриль,0.4393339427408344
блюдо моллюск,0.43937276664134156
клубника фрукт,0.4395068883295162
клубника сыр,0.4395068883295162
жареный рыба кухня,0.4395664461453666
баклажан цуккиня,0.44005825113754266
гриб цуккиня,0.44005825113754266
гриб пряность,0.44005825113754266
белые курица,0.44016253237478026
морепродукт сочетание,0.44066757932119227
косточка утка,0.4411357673780648
дичь печень,0.4411357673780648
гриб утка,0.4411357673780648
кабан мясо,0.44290681309732877
разнобразный сыр сыр,0.4429415495213113
мясо разнобразный сыр,0.4429415495213113
утка ягнятина,0.4429415495213113
блюдо речной рыба,0.4436509031421328
дичь курица,0.4437220010103633
ризотто салат,0.4437220010103633
курица ризотто,0.4437220010103633
блюдо холодное,0.44474029919082797
козий сыр сыр,0.44514907038331364
пармезан паста,0.4456308551956142
соус устрица,0.4456308551956142
пармезан устрица,0.4456308551956142
вино лобстер,0.4462826175395644
кухня птица,0.4479334195719145
кролик паста,0.4479334195719145
морепродукт морской рыба,0.4481291334829369
соус утка,0.448175647152448
гриль омар,0.44822370694536595
голубой сыр,0.4488957575765647
гриль свинина,0.4491134048159847
говядина чернослив,0.44935285071993036
дичь рыба,0.4503191914618369
артишок салат,0.4503191914618369
колбаса сыр,0.4503823431398817
соус спаржа,0.45038383437036933
ризотто стейк,0.45050712340781374
мясо стейк,0.45050712340781374
блюдо простой,0.45050712340781374
салями сыр,0.45085146531055725
дичь жаркое,0.45085146531055725
блюдо компаньон,0.45085146531055725
качество сопровождение,0.4510636609904935
специя трава,0.45107506006242
барашек дополнение,0.45107506006242
вино сыр,0.45117667399361444
овечий сыр сыр,0.451466732813701
великое великое,0.4518493138043673
овечий сыр соус,0.45216257980857083
грудинка ягнёнок,0.45216257980857083
речной рыба рыба,0.45278426588072956
барашек гриль,0.4528051009329608
аперитив холодное,0.4529436420299564
карри курица,0.4530090054232825
карри свинина,0.4530090054232825
кухня салат,0.4531122271584105
краб морепродукт,0.4531122271584105
орех сухофрукты,0.4534702849877145
блюдо число,0.4537881681572467
баранина птица,0.4537881681572467
жаркое число,0.4537881681572467
десерт сигара,0.4540684263569594
блюдо тунец,0.45408844614894206
конт сыр,0.4541285741311764
качество суши,0.4544948722553103
паста ризотто,0.4547318616282253
молодая пирожное,0.4554548760996091
барбекю свинина,0.4554548760996091
пирожное соус,0.4554548760996091
лобстер море,0.4566510834655986
дар сочетание,0.4566510834655986
рак соус,0.4566510834655986
мягкий сыр соус,0.4568869941052136
пармезан пекорино,0.45736397919122324
ароматный сыр гриль,0.45736397919122324
бри пекорино,0.45736397919122324
classico valpolicella,0.4575859148970775
amarone valpolicella,0.4575859148970775
classico quintarelli,0.4575859148970775
телятина ягнёнок,0.4576282770329754
розмарин ягнёнок,0.4576282770329754
блюдо горячее,0.45771622037933707
козий сыр лосось,0.457849455418593
сыр тост,0.457849455418593
салат тост,0.457849455418593
лосось паштет,0.457849455418593
деликатес колбаска,0.45838902434138257
деликатес тосканский кухня,0.45838902434138257
грудка соус,0.4588859526470582
вина рагу,0.4591952563468931
брюла крем,0.4592112079584867
пирог сыр,0.45923645735076496
креветка морепродукт,0.45923645735076496
горький мир,0.4592730924078491
вино мир,0.4592730924078491
качество мочь,0.459288945322256
мочь сухофрукты,0.459288945322256
орех сыр,0.459288945322256
гребешок краб,0.459484491379896
конфи утка,0.4597318810687913
пирог утка,0.4597318810687913
блюдо конфи,0.4597318810687913
морепродукт цыплёнок,0.45998267234360213
блюдо гребешок,0.45998267234360213
лосось морепродукт,0.45998267234360213
лёгкое сыр,0.46038944661388814
сопровождение трапеза,0.4606515474863992
сыр чернослив,0.4610359110731828
косточка ягенкома,0.4610359110731828
свинина ягенкома,0.4610359110731828
ароматный сыр мясо,0.46103591107318287
заяц кабан,0.46103591107318287
дичь заяц,0.46103591107318287
телятина филе,0.4611756646636109
изюм ягнёнок,0.4611756646636109
выдержка овощ,0.4611756646636109
изюм филе,0.4611756646636109
блюдо телятина,0.46132620187447826
десерт дижестив,0.4613504389755848
озёрный рыба рыба,0.46165120613698796
закуска озёрный рыба,0.46165120613698796
гра морепродукт,0.46197898592552833
кухня фуа,0.46197898592552833
рёбрышко ягнёнок,0.46233388800421904
окончание трапеза,0.4625230562401011
дижестив окончание,0.4625230562401011
дижестив портвейн,0.4625230562401011
краб свинина,0.4629211714641238
соус стейками,0.4629376842013152
рёбрышко стейками,0.4629376842013152
индейка утка,0.46309324026394083
свинина телятина,0.46310885138356045
соус томат,0.46350528216192455
томат чеснок,0.46350528216192455
мясо перец,0.4635529473094163
трава ягнёнок,0.4635529473094163
ароматный сыр сыр,0.4637777554190548
болоньеза мясо,0.4646465742901049
изделие сыр,0.4646465742901049
гриль изделие,0.4646465742901049
пикантный сыр соус,0.4658786684019143
гриль кальмар,0.4662309245673909
ароматный сыр кабан,0.4662743254446823
зайчатина кабан,0.4662743254446823
зайчатина соус,0.4662743254446823
паста сыр,0.4663055217350985
вино морепродукт,0.4666798538712819
паста тунец,0.46678068938093203
блюдо количество,0.46687940245294596
колбаска сыр,0.46738147079238423
птица телятина,0.4677482855155309
белые свинин,0.4681123640442521
сочетание ягнёнок,0.4686470949277257
пирог тест,0.4688822054235432
сыр тест,0.4688822054235432
пирог сочетание,0.4688822054235432
овощ паста,0.46917931472879526
вина дичь,0.4692699459083828
сладкое соус,0.469650346421854
ризотто трюфель,0.4702929702751966
блюдо колбаса,0.47085040709198095
мясо ягнёнок,0.47123641136889205
выдержка рёбрышко,0.47154592288159397
оленина прожарка,0.47154592288159397
бофора салерс,0.4721149331912829
конт салерс,0.4721149331912829
свежий сыр сыр,0.4726752316453497
закуска свежий сыр,0.4726752316453497
говядина птица,0.4727262688391039
телятина ягнятина,0.4727601768335902
говядина дополнение,0.4732422410287608
индейка курица,0.47395057523773687
десерт сопровождение,0.47452606816072657
блюдо ягнятина,0.47455865082603627
гриб соус,0.4751029822698101
блюдо шейка,0.47511489239455823
закуска овощ,0.4751163116245396
паштет утка,0.47514214427632295
рагу утка,0.47514214427632295
артишок спаржа,0.47527677800650503
дичь салат,0.47527677800650503
лёгкое цыплёнок,0.4752842416379565
лёгкое холодное,0.4752842416379565
козий сыр салат,0.47531035881248407
колбаса тип,0.4753434296763337
тип чоризо,0.4753434296763337
итальянский кухня кухня,0.47537711105990643
блюдо итальянский кухня,0.47537711105990643
пицца ризотто,0.47537711105990643
лосось сардина,0.4758067751932011
гриль сардина,0.4758067751932011
горячее сыр,0.4761817839281428
дичь медитация,0.4761817839281428
вино фуа,0.4765982643454396
особенность сольдёр,0.4770731539835863
кухня особенность,0.4770731539835863
соус трюфель,0.47720142053451586
десерт джем,0.47739091287105206
джем фрукт,0.47739091287105206
овечий сыр пряность,0.4776691100726667
грудка пряность,0.4776691100726667
паста равиоли,0.478535835599932
лазанья равиоли,0.478535835599932
кролик мягкий сыр,0.478535835599932
кролик лазанья,0.478535835599932
зелень салат,0.47896708812168803
бефстроганов болоньеза,0.47964353133635873
гриль стейк,0.47964353133635873
бефстроганов стейк,0.47964353133635873
бела морской рыба,0.4797941467665563
молодая рыба,0.4798700059743278
блюдо пирог,0.47991879274292765
ассорти мясо,0.4799516920989544
вишня оленина,0.47996549375991
вишня ягнёнок,0.47996549375991
косточка ягнёнок,0.4803881427845686
компаньон салат,0.48090059879161023
баранина блюдо,0.48111243173865226
молодой птица,0.4815125191699621
вина молодой,0.4815125191699621
вина сорт,0.4815125191699621
альянико сорт,0.4815125191699621
мягкий сыр сыр,0.4815441263534422
качество сухофрукты,0.4817377463888137
орешек сыр,0.4817377463888137
орешек сухофрукты,0.4817377463888137
болоньеза пицца,0.48180043329312755
гриль суп,0.48180043329312755
салат тунец,0.4824086845449456
лосось мясо,0.4824086845449456
вино красный рыба,0.483023486618412
гриль креветка,0.483023486618412
дичь козий сыр,0.48347665535365925
жареный рыба рыба,0.4841497240140925
краб лангустин,0.48481776243565344
лосось стейкома,0.48557264555655266
анчоус салат,0.48577373778958294
анчоус качество,0.48577373778958294
лёгкое трапеза,0.48618177378212085
птица салат,0.48618177378212085
великое событие,0.486586975895424
высокий кухня событие,0.486586975895424
дичь кухня,0.486586975895424
оленина сыр,0.4873747240590429
блюдо вина,0.4874674230145277
зайчатина оленина,0.4874674230145277
дичь зайчатина,0.4874674230145277
кабан оленина,0.4874674230145277
оленина утка,0.4875584680552321
утка ягнёнок,0.4875584680552321
блюдо выдержка,0.4880606913789272
соус чернослив,0.4882271837967199
голубой гра,0.488937328891645
блюдо фуа,0.488937328891645
курица мясо,0.48949163577349875
морепродукт свинина,0.4895941203804944
телятина утка,0.49033845165438483
вина твёрдый сыр,0.4905797725465271
жареный рыба овощ,0.49082059869631234
голубой соус,0.49087502622141366
гриль телятина,0.4913123013110996
козий сыр соус,0.49189016713735156
птица утка,0.49189016713735156
вино дичь,0.4925722758736745
гарнир овощ,0.49272826109030693
гарнир мясо,0.49272826109030693
свинин телятина,0.4929614624768015
блюдо спаржа,0.49356238787256806
мидия спагетти,0.4935672570525585
морепродукт спагетти,0.4935672570525585
бела гра,0.49381245141008784
блюдо свинина,0.49435713034165935
дичь молодая,0.49458413550020974
лобстер морской рыба,0.4948784762397265
лобстер устрица,0.4948784762397265
сочетание устрица,0.4948784762397265
ризотто соус,0.495807579425553
горячее закуска,0.4960893080056152
красный рыба рыба,0.49662725005369074
блюдо томат,0.49735881133305276
лазанья рыба,0.49735881133305276
лазанья томат,0.49735881133305276
рагу ягнёнок,0.49785020149973125
аперитив пицца,0.49800026117116764
вечеринка качество,0.49800026117116764
курица соус,0.49818857057061294
бела рыба,0.49843164799510326
моллюск холодное,0.4985329737129535
закуска козий сыр,0.4985329737129535
курица свинин,0.49877330098453176
ассорти блюдо,0.4988604722300146
мясо цыплёнок,0.4990224392679206
гриль рыба,0.499322262649743
кухня рыба,0.4994392985144585
вегетарианский кухня кухня,0.4995023261385582
вегетарианский кухня вино,0.4995023261385582
кухня морепродукт,0.4995023261385582
кровь овощ,0.4997295852671839
кровь свинин,0.4997295852671839
краб сыр,0.5007151631109152
лангустин соус,0.5007151631109152
гриль красный рыба,0.5012284233604314
дополнение кальмар,0.5012284233604314
гриль паста,0.5013086201444433
вино дижестив,0.5013086201444433
вино лёгкое,0.501448203959974
десерт сыр,0.5017563470822635
закуска цыплёнок,0.5017954957913147
овощ полутвёрдый сыр,0.5017954957913147
сыр тунец,0.501819456121645
барбекю паста,0.501819456121645
рыба холодное,0.5018595347452753
дичь трюфель,0.5019305485113327
груша заяц,0.5019601334738647
заяц кухня,0.5019601334738647
кухня мягкий сыр,0.5021724518687974
кролик сыр,0.5023197603244164
жюльеном рыба,0.5026909940841666
речной рыба сочетание,0.5026909940841666
жюльеном мягкий сыр,0.5026909940841666
баранина телятина,0.5030828938667846
закуска индейка,0.5031562794519366
красный рыба утка,0.5031562794519366
косточка оленина,0.5039978529965546
дыня спаржа,0.5041443272101153
закуска спаржа,0.5041443272101153
блюдо дыня,0.5041443272101153
пицца свинин,0.5043584487642192
десерт крем,0.5044998164223846
брюла суфле,0.5044998164223846
гребешок морепродукт,0.5047050303522957
гребешок птица,0.5047050303522957
кухня пряный кухня,0.504975785267208
пряный кухня рыба,0.504975785267208
козий сыр рыба,0.5059687956432236
перепёлка рагу,0.5065168481476112
бефсторган кролик,0.5065168481476112
изделие суп,0.5065168481476112
пирог суп,0.5065168481476112
закуска изделие,0.5065168481476112
бефсторган выдержка,0.5065168481476112
ассорти лёгкое,0.5065515708514785
сочетание сухофрукты,0.5065848413703502
лёгкое сухофрукты,0.5065848413703502
говядина рагу,0.5068211902731844
сливочный сыр сыр,0.5075903419190346
вина сыр,0.5077193251279647
дичь петух,0.5077193251279647
молодая ягнёнок,0.50843927186005
бургундский сыр сыр,0.5092056791924123
бургундский сыр соус,0.5092056791924123
дичь цыплёнок,0.5092056791924123
сочетание стейками,0.5092345866771182
гриль каре,0.5095851592004321
дичь закуска,0.5097463098439671
гриль пара,0.510026093756167
пицца птица,0.5101101422544747
аперитив паста,0.5101101422544747
белые паста,0.5101101422544747
качество температура,0.5101462396736541
свинин ягнятина,0.5101812681479606
колбаса мясо,0.5103907071174713
карбонар колбаса,0.5103907071174713
карбонар паста,0.5103907071174713
блюдо курица,0.5107612911753069
курица мягкий сыр,0.5107792638400235
салат шейка,0.5107792638400235
птица фрукт,0.5108636675970718
устрица филе,0.5113421358052225
речной рыба филе,0.5113421358052225
курица свинина,0.5115780705285993
копчёность специя,0.5116699212452714
говядина копчёность,0.5116699212452714
дар море,0.5117675302771091
свинин сыр,0.5120405621038933
мидия морепродукт,0.5124351175004788
гриль рагу,0.5129528824554688
овощ рыба,0.5131702049748557
козий сыр цыплёнок,0.5136126104963721
гребешок цыплёнок,0.5136126104963721
качество сыр,0.5139974359786725
дичь ризотто,0.5140305891881042
дичь овощ,0.5141928068008128
белые трюфель,0.5145660936694475
гриб морепродукт,0.5145660936694475
лёд температура,0.5145660936694475
индейка свинина,0.5145660936694475
индейка спаржа,0.5145660936694475
выпечка голубой,0.5145660936694475
гриб трюфель,0.5145660936694475
свинина шницель,0.5145660936694475
десерт лёд,0.5145660936694475
bourguignonne лапка,0.5152094064592853
блюдо нарезка,0.5154510039120289
нарезка овощ,0.5154510039120289
сыр ягнёнок,0.516011769040457
гриль кролик,0.5164048988322926
белые свинина,0.5167284017143433
различный сыр сыр,0.5167467652920924
кролик птица,0.5168679403295267
десерт пирожное,0.517122913714348
пирожное фуа,0.517122913714348
кухня японский кухня,0.5172860757138148
блюдо десерт,0.5172860757138148
ризотто суп,0.5175499068178848
салат холодное,0.5179704756882215
говядина овечий сыр,0.5181222569357637
рыба устрица,0.5185757781874062
лосось салат,0.5186205625339048
морепродукт число,0.5189392161368731
гриль число,0.5189392161368731
курица паста,0.5193044990523988
трюфель утка,0.5199036375328535
гриль чорисо,0.5201196504420357
овечий сыр чорисо,0.5201196504420357
баранина оленина,0.5201812976723594
пирог птица,0.5205235363883736
перец соус,0.5206225787615082
соус улитка,0.5207196960483628
жирный рыба рыба,0.5213551185854367
белые морепродукт,0.5218595443399903
птица сочетание,0.521874063439108
морской рыба птица,0.521874063439108
мягкий сыр салат,0.5219853753435104
креветка салат,0.5220602550447353
сыр твёрдый сыр,0.5224579640334227
горгонзола сыр,0.5224756108629397
голубой трюфель,0.5224756108629397
говядина гриль,0.5229299727412704
телятина чернослив,0.5236166155739134
говядина стейка,0.5236746649677569
лёгкое сен,0.523701360286498
гребешок лосось,0.523701360286498
гребешок сен,0.523701360286498
паштет птица,0.5237441072271969
соус специя,0.5238682598638305
лёгкое сопровождение,0.524274697770023
ароматный сыр рагу,0.5245256899032371
дичь свинин,0.5251100028034322
мягкий сыр овощ,0.5253342539552288
свинин специя,0.5257173836974828
свинина ягнёнок,0.525962698670668
вина птица,0.525962698670668
бела морепродукт,0.5261081693382312
горячее сочетание,0.5264611292219002
твёрдый сыр трава,0.5265159638222138
выждержка сыр,0.5265642019465925
борщ говядина,0.5265642019465925
борщ закуска,0.5265642019465925
баранина овечий сыр,0.5276720174762882
блюдо пара,0.5281414554176069
телятина трава,0.5281933770649394
жульен телятина,0.5283674407792379
говядина стейк,0.5283674407792379
стейк телятина,0.5283674407792379
соус тунец,0.5285490438667745
дичь косточка,0.5287836979225881
говядина прожарка,0.5290178009422192
ассорти закуска,0.5290921423883613
сопровождение шоколад,0.5290921423883613
жареный рыба паста,0.5299369728006633
аперитив закуска,0.5299972954719252
салат спаржа,0.5301040352127522
кабанчик сыр,0.530567223557523
кабанчик мясо,0.530567223557523
гриль овощ,0.5308465133972018
деликатесный сыр сыр,0.5308715755429226
деликатесный сыр морепродукт,0.5308715755429226
мясо рагу,0.5312200827297988
белых грибов,0.5315775792918233
белых блюдо,0.5315775792918233
бисквит выпечка,0.531585374686773
голубой шоколад,0.531585374686773
бисквит шоколад,0.531585374686773
молодая сыр,0.5326066275895334
салат утка,0.532661421521183
колбаса утка,0.532661421521183
пирог рыба,0.5329500526743376
белые птица,0.5330252418502984
сыр сыр,0.5331475986859138
прожарка ягнёнок,0.5331520035715483
пряность трава,0.5334067743640946
бефстроганов говядина,0.5334608202903286
рыба филе,0.5334610878338104
стейкома филе,0.5334610878338104
овощ салат,0.5334928775147354
говядина свинина,0.5342698979316672
соус цыплёнок,0.5344660749307572
блюдо рис,0.534701289186525
сыр часть,0.5348407054955563
дичь часть,0.5348407054955563
баранина рёбрышко,0.5349302484130135
гриб ризотто,0.5350709313964535
паста твёрдый сыр,0.5351697598156631
паста специя,0.5351697598156631
вина говядина,0.5353809580025499
сливочный сыр соус,0.5357220096957467
азиатский кухня блюдо,0.5358764775630959
сыр утка,0.5358856798504729
мясо ризотто,0.5360600682453899
краб омар,0.5361859869277597
морской рыба омар,0.5361859869277597
гриб сыр,0.5362620194292269
морепродукт соус,0.5370256451043262
индейка свинин,0.5377665790995836
паппарделла соус,0.5381358512602564
дичь колбаса,0.5382053582652643
мягкий сыр хамон,0.5382256328929277
морепродукт хамон,0.5382256328929277
бела сочетание,0.5382927557512672
мягкий сыр птица,0.5387343020239116
мясо паштет,0.5391207862207396
аперитив салат,0.5391788544322258
белые мясо,0.5392748244568335
курица рыба,0.5398051109484072
полутвёрдый сыр рыба,0.5398051109484072
курица овощ,0.5399307461676829
качество мясо,0.5401307061528244
белые море,0.5401307061528244
говядина косточка,0.5402653139507159
паста суп,0.5403749689754356
блюдо борщ,0.5404188699472787
гриль оленина,0.5406664449523003
мидия рыба,0.5408352923898255
вино соус,0.5411510399708928
дичь сочетание,0.5411843758374251
качество медитация,0.5412175226840572
рыба стейками,0.5413067798139528
свинин стейками,0.5413067798139528
говядина стейками,0.5419353262664607
закуска пирог,0.5419924893907292
ростбиф соус,0.5422690975925565
ростбиф салат,0.5422690975925565
морепродукт тунец,0.5424352484451912
лапка тунец,0.5424352484451912
блюдо композиция,0.5424841976699347
композиция сыр,0.5424841976699347
говядина сыр,0.5427935880612871
аперитив блюдо,0.5429816080678521
гриб оленина,0.5443318435754524
говядина гриб,0.5443318435754524
колбаска птица,0.5449121205866877
мясо птица,0.5450935417111711
овощ различный сыр,0.545385900290068
мягкий сыр мясо,0.5455574958416987
морепродукт невыдержанный сыр,0.5456743807590597
баранина мясо,0.5458370279164286
блюдо японский кухня,0.5459551003695703
отварный рыба рыба,0.5461347070457505
моллюск отварный рыба,0.5461347070457505
моллюск салат,0.5461347070457505
рёбрышко соус,0.5461680025759517
говядина трава,0.5463213113493458
аперитив дополнение,0.5464802678502932
блюдо сопровождение,0.5473001684704379
гриль полутвёрдый сыр,0.5473773677514858
оленина соус,0.5476656163321648
помидор салат,0.5479636263708765
блюдо помидор,0.5479636263708765
овощ свинин,0.5491080869517899
говядина свинин,0.5491080869517899
мясо пирог,0.5493719875631454
курица улитка,0.5495790187822055
восточный кухня морепродукт,0.549595261321914
морепродукт свинин,0.549595261321914
морепродукт пицца,0.5496488550766112
дополнение мясо,0.5503999224101549
стейка сыр,0.5506006121364266
стилтон сыр,0.5511855055093329
плесень сочетание,0.5511855055093329
паста пицца,0.5513178678860687
баранина жаркое,0.5518343578011767
овощ перец,0.5518724523013647
дижестив качество,0.5525400182954645
невыдержанный сыр птица,0.5527710488526472
морепродукт ризотто,0.553637728040881
морепродукт мясо,0.5537430133258068
сочетание форель,0.5538807533177289
салат форель,0.5538807533177289
белые гриль,0.5549669962314687
креветка рыба,0.5549669962314687
гусь ягнёнок,0.5551438997862247
гусь утка,0.5551438997862247
долька тоник,0.5551543270362155
карп сёмга,0.5551543270362155
долька лимон,0.5551543270362155
аперитив тоник,0.5551543270362155
карп щука,0.5551543270362155
аперитив сёмга,0.5551543270362155
пицца свинина,0.5557146904457809
мясо свинина,0.5557146904457809
кефаль рыба,0.5557987267978022
дополнение устрица,0.5557987267978022
колбаса соус,0.5558533631216278
говядина молодая,0.5559108359993098
баранина утка,0.5564331589594919
говядина оленина,0.55660178531682
соус трава,0.5569560934083821
блюдо говядина,0.5572302297162597
медитация сопровождение,0.557254426556937
quintarelli медитация,0.557254426556937
копчёность острый сыр,0.5574152364534181
острый сыр сыр,0.5574152364534181
гриль копчёность,0.5574152364534181
болоньеза паста,0.5575241221291839
спаржа устрица,0.5575691321259764
гриб кролик,0.5582123403623697
морепродукт устрица,0.5583535151691928
дичь рагу,0.5584090397076029
прожарка стейками,0.5584090397076029
прожарка сыр,0.5584090397076029
морской рыба рыба,0.5590148217491141
морепродукт твёрдый сыр,0.5597203332568873
бела спаржа,0.5600190626740258
десерт салат,0.560049823817013
морепродукт сладкое,0.5600668173389249
гриль индейка,0.5605599548910701
индейка овощ,0.5605599548910701
закуска мягкий сыр,0.5606613578083856
мясо оливка,0.5606872710299672
свинин тапенад,0.5606872710299672
оливка тапенад,0.5606872710299672
баранина трава,0.5607476628961999
аперитив температура,0.56098573643772
дополнение морепродукт,0.561061226627155
азиатский кухня кухня,0.5612797684971402
птица рыба,0.5613376437202027
сыр трава,0.5613611661356224
блюдо медитация,0.5613729418067168
колбаса паштет,0.5620383354347068
вино паштет,0.5620383354347068
косточка сыр,0.562379498063336
паэлье пирог,0.5624872061330359
специя твёрдый сыр,0.5627667767560601
мясо специя,0.5627667767560601
оленина трава,0.5627970481919553
оленина птица,0.5628319420558006
морепродукт нежирный рыба,0.5630350911039862
нежирный рыба рыба,0.5630350911039862
дичь колбаска,0.5633635654334384
гриль пикник,0.5633635654334384
рагу сыр,0.5633903448993864
вино медитация,0.5634329978215246
свинина чернослив,0.5638801998434182
дичь чернослив,0.5638801998434182
закуска паста,0.563910467338174
дижестив сочетание,0.5644720671148459
салат сыр,0.5652058693280981
мягкий сыр рис,0.5659451202969574
оленина рагу,0.5662791776389882
сигара сыр,0.5666881807146745
пряность соус,0.566808539579742
кухня сицилийский кухня,0.566808539579742
птица соус,0.5672709653233349
дичь дичь,0.5674080056880713
соус фазан,0.5674080056880713
петух ягнёнок,0.5674612223700394
говядина овощ,0.5677676233892961
паппарделла цыплёнок,0.5679604120057532
птица суп,0.568592030102735
морепродукт речной рыба,0.5686194269465753
пряность специя,0.5688688090442515
блюдо пряность,0.5689788356060389
рыба цыплёнок,0.5693213434882585
соус твёрдый сыр,0.5699153909432005
баранина прожарка,0.5701893006685194
баранина стейка,0.5701893006685194
гриль трава,0.571370609970034
салат сопровождение,0.5717526925310666
козий сыр мясо,0.5721167375459499
кролик соус,0.5721991282797488
бургиньон лапка,0.5724980903462935
козий сыр молодая,0.572804728042142
сладкое ягнёнок,0.5728138308457515
соус телятина,0.5737718838222398
кухня лёгкое,0.5739279597351923
выдержка паста,0.5747450461627049
дичь индейка,0.5749292729612705
индейка ягнёнок,0.5749292729612705
бела курица,0.5753756626987317
говядина карпаччо,0.5757988744289443
блюдо суп,0.5760703985479885
горшочек рагу,0.5773502691896257
горшочек мясо,0.5773502691896257
мясо стейкома,0.5773502691896257
ризотто сыр,0.5773502691896257
курица ягнятина,0.5773502691896257
жюльеном мясо,0.5773502691896257
рёбрышко сыр,0.5773502691896257
ризотто ягнятина,0.5773502691896257
мясо рёбрышко,0.5773502691896257
стейкома сыр,0.5774245101307215
лёгкое салат,0.5783500208199888
свинин ягнёнок,0.5784002493002391
изделие свинин,0.5784002493002391
блюдо карри,0.5786830409655086
жареный рыба морепродукт,0.579520186312024
барашек седло,0.5795329901856718
барашек каре,0.5795329901856718
лёгкое сочетание,0.579785151779544
говядина закуска,0.5800600730128174
вид рыба,0.5807270896835693
закуска кролик,0.5810393575123102
дичь паштет,0.5810493000500763
стейка утка,0.5811591686524468
козий сыр спаржа,0.5823842794224122
оленина стейками,0.5826155555852582
блюдо средиземноморский кухня,0.5826878290932014
кухня средиземноморский кухня,0.5826878290932014
закуска рагу,0.5828128617580631
дичь стейка,0.5830634645076652
баранина рагу,0.5831359805608068
специя сыр,0.5837009549699433
грудинка соус,0.583867268425738
белые рыба,0.5839538501818478
сыр ягнятина,0.5840539456063283
гриль птица,0.5841431825004799
аперитив сопровождение,0.5844709008407734
говядина специя,0.5847907151727842
гриль свинин,0.5852264428657187
блюдо болоньеза,0.585444683756589
мясо сладкое,0.5859410515281894
птица сыр,0.5860927716053645
сыр хамон,0.5861596763106326
гриль твёрдый сыр,0.586298324214321
дополнение лёгкое,0.5870236592070647
качество соус,0.5873906205909446
вок курица,0.5874308068357371
вок морепродукт,0.5874308068357371
лисичка оленина,0.5874497649085105
говядина пара,0.5874497649085105
паста сочетание,0.5876472529028375
жаркое сыр,0.5876561867560524
соус ягнёнок,0.5877324292806652
колбаса стейка,0.5888163330674111
блюдо свинин,0.589343306707963
рагу сочетание,0.5894581633522816
молодая птица,0.5896441127583525
десерт качество,0.5904172458879293
курица морепродукт,0.5915284562821029
рагу салат,0.5918640562750749
молодая соус,0.5920908139296973
десерт креветка,0.5923540810103226
морепродукт приправа,0.5931654122852245
козий сыр приправа,0.5931654122852245
мясо мясо,0.5934124985393218
бефстроганоф мясо,0.5935171598536112
бефстроганоф закуска,0.5935171598536112
невыдержанный сыр сыр,0.593744775358724
колбаска пицца,0.5941472774849222
кухня пьемонтский кухня,0.5943494309134708
птица трава,0.5944556037180878
графенберг качество,0.5945938080487099
графенберг рислинг,0.5945938080487099
сорт сыр,0.5955454549674322
паштет сыр,0.5955454549674322
трапеза цыплёнок,0.5956663451624015
овощ телятина,0.5968399565876662
блюдо трюфель,0.5972732021694187
козий сыр морепродукт,0.59771441582422
вино устрица,0.5981158386935318
полутвёрдый сыр сыр,0.5982813178453213
кухня молодая,0.5984388788667592
соус ягнятина,0.5997638443672414
жареный рыба суп,0.5997704321566384
соус стейкома,0.6001310725597729
каре соус,0.6004493641694402
пряность сыр,0.600512775977589
паста пиццой,0.6007581156053198
закуска пиццой,0.6007581156053198
гриль пикантный сыр,0.6010770182936228
зелень морепродукт,0.60120025411437
говядина кролик,0.6012694558159938
свинин соус,0.6021080821521256
дополнение кролик,0.6025164453865265
кролик рыба,0.6025164453865265
птица ягнёнок,0.6031592700302535
блюдо ризотто,0.6033458437451584
гриль ягнёнок,0.6034071025570167
вино сопровождение,0.6036339414946177
компаньон лёгкое,0.6039305752926718
пресноводный рыба рыба,0.6045986942912325
паштет устрица,0.6045986942912325
перец сыр,0.6053660339884903
дижестив сопровождение,0.6061663864711704
рагу телятина,0.6066727951751043
каре ягнёнок,0.6069060916563505
гриль розмарин,0.6073188257715821
жирный рыба соус,0.6078390800676635
ассорти гриль,0.6080533791249588
кухня сыр,0.608740159100673
блюдо мягкий сыр,0.6088874897024594
хамон чорисо,0.6090392922817386
долме лагмана,0.6092686629773065
блюдо долме,0.6092686629773065
голубой фрукт,0.610754807727091
речной рыба свинин,0.6125296391323736
соус холодное,0.6126996156342347
рагу специя,0.6134807973732065
стейками телятина,0.6134807973732065
креветка курица,0.6138084271859775
дичь оленина,0.6138900554931184
говядина ягнёнок,0.6139579282972963
quintarelli амарон,0.6155769717634006
грудинка рагу,0.6162263553992037
лёгкое температура,0.6163116146633579
гриль карпаччо,0.6163898443927943
кухня мясо,0.6172262407556515
паста соус,0.6172380194974963
блюдо морской рыба,0.6181736860836514
блюдо пьемонтский кухня,0.6186172279331104
вкус мясо,0.6202252631302196
десерт тарелка,0.6214001555763379
пикантный сыр тарелка,0.6214001555763379
гриль ягнятина,0.6220458294806595
дичь ягнятина,0.622238136704731
пицца салат,0.6224102969595581
вино рыба,0.6229092269976291
овощ ягнятина,0.6243134272035733
гриль невыдержанный сыр,0.6246288453458174
гриль лёгкое,0.6246361379254126
грудка пицца,0.6250631786403631
грудка мясо,0.6250631786403631
гриль соус,0.6261728507905904
закуска холодное,0.6265132760373244
блюдо оленина,0.6268295810740674
каре оленина,0.6278500619043976
мясо телятина,0.6279878811190167
сочетание сыр,0.6282820112999618
кухня паста,0.6283032727861565
баранина свинин,0.6286444143851149
аперитив сочетание,0.628705686358628
морепродукт рыба,0.628957189119532
дичь зрелый сыр,0.6291767121153177
баранина соус,0.6298689217428495
сибасс устрица,0.6314894566027424
паста салат,0.6320935758663829
полутвёрдый сыр свинин,0.6324310263682204
бефстроганов твёрдый сыр,0.6328532140625096
пицца салями,0.6328633372782078
молодая салями,0.6328633372782078
блюдо ягнёнок,0.6371761744714558
морепродукт овощ,0.6389641790005236
бела салат,0.6390067120033324
закуска молодая,0.6394019299454347
закуска сочетание,0.6394019299454347
гриль мягкий сыр,0.6401516963017465
барбекю соус,0.6402537748432894
барбекю сыр,0.6402537748432894
блюдо сочетаня,0.6417745012653254
террина фуа,0.6418587542868281
паштет террина,0.6418587542868281
баранина хамон,0.6427934629553931
морепродукт салат,0.6430415938358758
овощ соус,0.6433612851989969
морепродукт пирог,0.6440521564541208
пирог свинин,0.6440521564541208
мясо овощ,0.6446605421769876
пикантный сыр сыр,0.6448427484880818
голубой дичь,0.6454530131352746
вино морской рыба,0.645566908253369
вид любой,0.6460304268428873
вид мясо,0.6460304268428873
прожарка стейка,0.6461661956152616
гриль козий сыр,0.6462445227840254
сыр шоколад,0.6475182732674423
блюдо специя,0.6475655616425796
блюдо утка,0.6479271879625855
говядина соус,0.6479522347457634
пирог соус,0.648568786114104
бефстроганов выдержка,0.6494782130585256
бефстроганов соус,0.6494782130585256
соус шашлык,0.6494782130585256
свинин шашлык,0.6494782130585256
белые закуска,0.6506100710619952
баранина говядина,0.6506697216370136
говядина стейкома,0.6511889327705569
сигара сопровождение,0.6516681030263108
выдержка дичь,0.6516827071615741
белые рис,0.6517080791548826
соус сыр,0.6523735511579895
выдержка сопровождение,0.6534447574683586
вино салат,0.6544519152049787
мягкий сыр паста,0.6545084137012268
зрелый сыр сыр,0.6546137317784728
разнообразный сыр сыр,0.6548738988767981
дичь разнообразный сыр,0.6548738988767981
рыба соус,0.6555548888345315
говядина телятина,0.6563497601048343
пекорино сыр,0.6566362785039679
медитация мясо,0.6568969649800767
дичь фазан,0.657170808808574
хамон чоризо,0.657170808808574
гриль стейка,0.657170808808574
десерт лёгкое,0.6572503342185926
гриль стейками,0.6577485073214565
полутвёрдый сыр стейка,0.6578583087254539
гриль молодая,0.6584255385170211
сочетание телятина,0.6589196706619346
дичь твёрдый сыр,0.6592821022906414
белые блюдо,0.6595312527885573
блюдо блюдо,0.6600432634544109
баранина дичь,0.6602667738747812
оленина сочетание,0.6609625609467296
ветчина стейка,0.6613486221359894
ветчина сыр,0.6613486221359894
прожарка соус,0.6615645804836194
лосось соус,0.6620595827011438
компаньон оленина,0.6622170564226353
колбаска пикник,0.662881969102311
гриль морепродукт,0.6636283964020899
десерт шоколад,0.6674554712274223
качество шоколад,0.6674554712274223
аперитив лёгкое,0.6681064998713333
haute сыр,0.6682566129589569
гриль рёбрышко,0.6683272090882585
блюдо рыба,0.66849475989857
закуска птица,0.6695654611215112
вид закуска,0.6696175892566574
морской рыба салат,0.6704782361965481
гриль колбаска,0.6707256616183304
дичь прожарка,0.6707891228160641
мясо прожарка,0.6707891228160641
стейками сыр,0.6716124778486878
сыр харчо,0.6729285442278718
дичь харчо,0.6729285442278718
блюдо паста,0.6737852293188336
салат соус,0.6738133244077729
запечёный рыба рыба,0.6739582891930527
ветчина запеканка,0.6739582891930527
гриль запечёный рыба,0.6739582891930527
запеканка мясо,0.6739582891930527
блюдо мясо,0.6741985036649499
дичь телятина,0.6742460616773731
дичь утка,0.6744481967265942
кролик рагу,0.6744481967265942
баранина сочетание,0.6748665807295806
овощ сыр,0.6759367175229468
паста рыба,0.6769954798934652
блюдо кухня,0.6783991533939941
белые кролик,0.6789140491705035
выдержка сыр,0.679669906023148
полутвёрдый сыр соус,0.6796940899129065
блюдо салат,0.6802062253256063
вечеринка пицца,0.6802102577084369
мясо салат,0.6827079658169943
выпечка шоколад,0.6834050257104498
баранина гриль,0.6853970752971983
свинина соус,0.6919115360281437
кухня тосканский кухня,0.6933339969935806
оленина ягнёнок,0.693357012408592
сыр фазан,0.6935925239973647
гриль хамон,0.6935925239973647
соус стейка,0.6935925239973647
кролик мясо,0.6956101138540906
выдержка кролик,0.6962585023783655
высокий кухня кухня,0.6965902136132773
белые дичь,0.697388676220952
рагу соус,0.6976233465747838
пикник пицца,0.6980633064037075
сыр трюфель,0.6983388350480978
восточный кухня кухня,0.6987891473666064
молодая морепродукт,0.7028947181683768
белые ризотто,0.7034306743161025
жаркое ягнятина,0.7037795239458946
качество коктейль,0.7048324171754855
прожарка стейкома,0.7048536046926623
паста птица,0.705940390528499
говядина мясо,0.7062411825449565
зрелый сыр соус,0.7068125049441436
салат штрудель,0.7071067811865475
испанский сыр сыр,0.7071067811865475
десерт число,0.7071067811865475
молодая свинина,0.7071067811865475
мясо поросёнок,0.7071067811865475
поросёнок сыр,0.7071067811865475
закуска пикник,0.7071067811865475
десерт пудинг,0.7071067811865475
салат свинина,0.7071067811865475
испанский сыр хамон,0.7071067811865475
изделие использование,0.7071067811865475
использование кулинария,0.7071067811865475
дополнение закуска,0.7071067811865475
салат число,0.7071067811865475
десерт штрудель,0.7071067811865475
пудинг сухофрукты,0.7071067811865475
кухня русский кухня,0.7071067811865476
блюдо русский кухня,0.7071067811865476
мясо ягнятина,0.7074753514980003
соус щука,0.7076276082904431
лёгкое рыба,0.7090162012077244
мясо паста,0.709518441832851
дичь сыр,0.7103173089240494
колбаска ягнёнок,0.7116200096246669
закуска телятина,0.7124071691688719
соус стейк,0.7139270739513418
закуска суп,0.7144423801554546
блюдо восточный кухня,0.7153277063854377
салат суп,0.7168294810185717
блюдо высокий кухня,0.7174692148783866
кролик курица,0.7184194941006954
блюдо тосканский кухня,0.7206163810328666
дичь полутвёрдый сыр,0.7216229259956479
блюдо салями,0.7216463631665698
вино кухня,0.7258784876948203
пицца сыр,0.7268619562139738
баранина ягнёнок,0.7281695195310269
выдержка соус,0.7288366513052212
закуска соус,0.7292784574057284
гриль стейкома,0.7297275278719902
рыба салат,0.7307830419019826
вино жаркое,0.732207189862676
мясо сочетание,0.7324091402297023
говядина нарезка,0.7325184246064287
вина кролик,0.7343243800846423
гриль утка,0.7344977452317205
сальсоя утка,0.7373457273022374
дичь мясо,0.7385501862811644
закуска колбаска,0.7417055256951055
гриль пицца,0.7417055256951055
мясо рыба,0.7437168520264639
блюдо фрукт,0.7440935431660916
овощ птица,0.7474622127710926
пикник ягнятина,0.7478228157360461
аперитив морепродукт,0.7483045654434843
выпечка мороженое,0.7502179365755178
десерт фрукт,0.753672341385531
блюдо соус,0.7548692457209563
блюдо зрелый сыр,0.7559635322997146
дичь ягнёнок,0.7572484083861212
мясо соус,0.7578975852643377
баранина сыр,0.7593608584492694
сыр телятина,0.7604384044365233
стейка ягнёнок,0.7609277002442801
выпечка десерт,0.7624283433509363
десерт пикантный сыр,0.7643152685393223
блюдо стейками,0.7665517519571944
морепродукт суп,0.7667736009327967
закуска салат,0.7689166908359227
блюдо сочетание,0.7751030431019957
говядина дичь,0.7761280842843301
курица салат,0.7827622323691216
медитация сыр,0.7832964983138991
морепродукт салями,0.78345854533787
вино мясо,0.785835774037409
говядина паста,0.7867764786054603
превосходный рыба рыба,0.789326293006118
закуска морепродукт,0.789650850090242
закуска рыба,0.7924209251117471
морепродукт птица,0.7949497891363957
закуска мясо,0.7960506278680737
дичь паста,0.8009727064555158
блюдо любой,0.8015553661877333
гриль дичь,0.8041959616784378
пьемонтский кухня сочетание,0.804206909926067
мясо твёрдый сыр,0.8049285067670984
жаркое мясо,0.810994314525042
барбекю мясо,0.8138231626269461
закуска пицца,0.8144624083906978
лёгкое морепродукт,0.8157887308718591
говядина салат,0.8176415062867278
мясо оленина,0.8179072425097262
блюдо птица,0.8194552229267826
морепродукт сыр,0.8223473913279591
рыба суп,0.8233889370399347
паста ягнёнок,0.8276261362933125
азиатский кухня морепродукт,0.8276261362933125
гриль сыр,0.8300176475352492
рыба сыр,0.8314733912561537
вино качество,0.8334863695238499
блюдо дополнение,0.8352477725818972
дичь птица,0.8393751844040296
баранина овощ,0.8419185143496061
бефстроганов гриль,0.8451973145304118
морепродукт паста,0.8469024417369231
мясо сопровождение,0.8484076535827818
закуска твёрдый сыр,0.8526650431547259
блюдо гуляш,0.8544957118868198
вино сочетание,0.8606543774977162
ризотто рыба,0.8731716597244384
блюдо устрица,0.8742040464082202
дичь морепродукт,0.8822594001191546
мясо суп,0.8958689585238729
аперитив пикник,0.8963348273189723
гриль жаркое,0.9005808256557756
блюдо грибов,0.9097224931619732
мясо фазан,1.0
аперитив качество,1.0
блюдо дичь,1.0
блюдо гриль,1.0
блюдо закуска,1.0
блюдо лёгкое,1.0
качество пикник,1.0
блюдо сыр,1.0
мясо сыр,1.0
блюдо большинство,1.0
блюдо морепродукт,1.0
haute блюдо,1.0
закуска лёгкое,1.0
птица свинина,1.0
блюдо вино,1.0
барбекю закуска,1.0
дичь соус,1.0
гриль мясо,1.0
закуска сыр,1.0
